TAIL_NUMBER,MODEL,PRODUCTION_YEAR
N383HA,A330,2004
N382HA,A330,2006
N389HA,767-400ER,2008
N392HA,767-400ER,2004
N393HA,767-400ER,2011
N375HA,767-400ER,2004
N380HA,767-400ER,2008
N69059,A330,2007
N76054,A330,2013
N76055,767-400ER,2007
N66051,A330,2006
N66056,767-400ER,2011
N66057,A330,2009
N77066,767-400ER,2004
N68061,767-400ER,2007
N59053,767-400ER,2005
N69063,767-400ER,2005
N667US,767-400ER,2007
N663US,A330,2011
N668US,A330,2010
N674US,A321,2006
N665US,A321,2010
N212UA,767-400ER,2004
N213UA,767-400ER,2004
N210UA,767-400ER,2006
N215UA,A321,2013
N211UA,767-400ER,2007
N779UA,767-400ER,2010
N214UA,767-400ER,2013
N358AA,767-400ER,2005
N372AA,A321,2009
N355AA,767-400ER,2013
N374AA,767-400ER,2005
N359AA,767-400ER,2010
N383AA,A321,2011
N361AA,767-400ER,2008
N396AA,A321,2006
N362AA,767-400ER,2013
N369AA,A321,2007
N368AA,A321,2011
N364AA,767-400ER,2011
N381AA,767-400ER,2013
N399AA,A321,2013
N353AA,A321,2013
N380AA,767-400ER,2009
N544UA,A319,2012
N543UA,A320,2005
N12125,A321,2009
N14107,A319,2008
N14115,A320,2011
N19136,A319,2011
N13113,A319,2012
N13110,A321,2013
N34131,A320,2013
N18119,A321,2010
N545UA,A319,2008
N19130,A320,2010
N143DA,A319,2010
N140LL,A321,2013
N144DA,A321,2013
N906AW,A321,2005
N905AW,A320,2008
N904AW,A320,2008
N207UW,A321,2008
N910AW,A319,2004
N909AW,737NG,2009
N581HA,737NG,2009
N901AW,A320,2008
N902AW,A320,2010
N582HA,A321,2005
N592HA,A321,2011
N583HA,A320,2009
N590HA,737NG,2011
N587HA,A320,2004
N37281,A319,2011
N462AS,737NG,2012
N553AS,A321,2005
N33266,A320,2012
N73291,737NG,2004
N13248,A320,2009
N579AS,A320,2005
N78506,A319,2009
N76526,737NG,2004
N563AS,A319,2011
N35204,A320,2006
N508AS,A319,2006
N589AS,A320,2013
N457AS,A321,2012
N413AS,A320,2010
N76502,A321,2009
N506AS,A319,2006
N36247,A321,2012
N464AS,A320,2010
N79279,A319,2004
N908AW,737NG,2007
N565AS,737NG,2005
N529AS,A319,2006
N583AS,737NG,2007
N535AS,A319,2008
N564AS,A319,2013
N570AS,A320,2013
N536AS,737NG,2013
N557AS,A319,2007
N373HA,737NG,2012
N381HA,737NG,2008
N370HA,A319,2011
N374HA,A320,2005
N390HA,A319,2009
N396HA,737NG,2011
N386HA,A320,2005
N3FPAA,A319,2012
N3FGAA,A320,2005
N3GPAA,A321,2004
N3GJAA,A320,2010
N3MLAA,A319,2010
N3JYAA,A319,2004
N3GTAA,A320,2010
N3DRAA,A319,2005
N3MGAA,737NG,2013
N3HLAA,737NG,2005
N3DJAA,A319,2007
N3HPAA,A321,2010
N3DFAA,A321,2007
N3ATAA,737NG,2009
N3KWAA,A319,2008
N3JHAA,A320,2007
N3FBAA,A320,2012
N538AS,A321,2013
N585AS,737NG,2005
N532AS,A319,2008
N440AS,A321,2013
N526AS,A319,2008
N588AS,737NG,2013
N569AS,A319,2008
N523AS,A319,2008
N513AS,A319,2004
N534AS,A320,2010
N568AS,737NG,2009
N593AS,A321,2012
N584AS,737NG,2005
N402AS,A321,2006
N587AS,737NG,2013
N87531,A321,2012
N76515,737NG,2012
N821JB,A321,2005
N779JB,737NG,2008
N853VA,A321,2004
N33209,A320,2011
N841VA,737NG,2006
N644JB,A320,2004
N64844,A319,2007
N75436,A319,2011
N73278,A320,2007
N526UA,A319,2009
N838VA,737NG,2004
N528UA,737NG,2007
N75861,A321,2004
N522UA,A321,2008
N529UA,A320,2012
N432UA,737NG,2012
N75858,A319,2012
N418UA,A319,2011
N75854,A319,2005
N651JB,A320,2010
N77867,737NG,2004
N652JB,A321,2009
N78866,A319,2010
N535UA,A320,2011
N75851,A319,2008
N75428,737NG,2012
N842VA,737NG,2007
N38268,737NG,2007
N514UA,737NG,2005
N635JB,A320,2009
N63820,A319,2007
N632JB,A321,2010
N630VA,737NG,2013
N849VA,A320,2012
N509UA,A320,2011
N629JB,737NG,2012
N848VA,A319,2011
N852VA,A319,2013
N847VA,A321,2009
N361VA,A321,2009
N845VA,737NG,2012
N14231,A320,2011
N36476,A320,2011
N464UA,A319,2004
N624JB,A319,2006
N641VA,A320,2004
N37437,A321,2008
N836VA,A320,2013
N828JB,737NG,2007
N76523,A320,2009
N37263,A319,2007
N37287,737NG,2013
N843VA,A320,2013
N33264,A321,2009
N516UA,A319,2005
N75853,A319,2007
N37470,A320,2006
N69818,A320,2013
N27421,A321,2006
N37419,A320,2008
N807JB,737NG,2007
N56859,737NG,2010
N806JB,737NG,2011
N68453,A320,2008
N17104,A319,2010
N570JB,737NG,2012
N69804,A319,2006
N57439,A319,2013
N805JB,737NG,2008
N834JB,737NG,2007
N27477,A320,2005
N57855,A319,2004
N57857,A319,2006
N57862,A319,2011
N57863,A320,2004
N68843,A319,2009
N12238,A319,2011
N57864,A319,2005
N57868,A320,2006
N835VA,A319,2006
N67827,A320,2004
N69824,A319,2005
N77258,A319,2011
N17245,A320,2004
N26208,A321,2009
N715JB,737NG,2011
N588JB,A321,2005
N657JB,737NG,2013
N17229,737NG,2009
N31412,737NG,2007
N37464,A320,2006
N39461,A320,2008
N77296,A320,2007
N599JB,A321,2007
N77510,A319,2005
N552JB,737NG,2004
N73860,A319,2005
N66803,A321,2012
N554JB,A321,2004
N556JB,A320,2012
N37466,A319,2006
N69847,A321,2008
N69838,A319,2007
N37420,737NG,2004
N57869,A320,2010
N581AS,A319,2007
N577AS,A321,2008
N518AS,737NG,2011
N560AS,A321,2013
N537AS,A321,2007
N558AS,A319,2006
N653JB,A320,2004
N775JB,737NG,2004
N503JB,A321,2013
N655JB,A320,2013
N592AS,A320,2008
N512AS,A319,2004
N514AS,737NG,2011
N403AS,A319,2008
N408AS,737NG,2005
N590AS,A319,2010
N469AS,A319,2010
N467AS,737NG,2008
N468AS,A320,2006
N586AS,A319,2012
N461AS,A321,2009
N597AS,A320,2010
N596AS,A320,2007
N423AS,A321,2006
N459AS,A320,2004
N395HA,A319,2008
N409AS,A319,2005
N399HA,A319,2005
N391HA,A319,2013
N442AS,A320,2013
N388HA,737NG,2012
N589NW,737NG,2008
N757AT,A320,2006
N592NW,737NG,2004
N549US,A319,2011
N531AS,A319,2010
N562AS,A319,2007
N596NW,A320,2009
N595NW,A320,2010
N594NW,A320,2011
N593NW,737NG,2006
N582NW,737NG,2013
N591NW,A319,2012
N583NW,A319,2013
N586NW,A319,2010
N587NW,A319,2007
N588NW,737NG,2006
N752AT,A320,2011
N385HA,737NG,2004
N566AS,737NG,2005
N533AS,A321,2013
N535US,A321,2009
N594AS,A320,2007
N703TW,A321,2004
N539US,A321,2010
N548US,A321,2013
N519AS,A319,2004
N751AT,A320,2010
N5FBAA,A321,2004
N5DGAA,A320,2010
N5FDAA,737NG,2007
N750AT,A320,2007
N547UA,A321,2013
N5ESAA,A319,2012
N5DEAA,A319,2006
N5ECAA,A320,2011
N5EDAA,A321,2011
N5ERAA,A320,2007
N384HA,A320,2012
N407AS,737NG,2010
N76514,A320,2007
N3DWAA,A319,2009
N3746H,A319,2008
N376DA,A320,2005
N37700,A321,2009
N3DPAA,737NG,2013
N3CLAA,A319,2009
N3773D,A320,2007
N3DXAA,A321,2005
N33289,737NG,2009
N37468,A319,2009
N3761R,A319,2009
N3EAAA,A321,2012
N3745B,A320,2011
N3ERAA,A319,2008
N383DN,737NG,2007
N3744F,737NG,2013
N3EVAA,A319,2009
N3765,A320,2005
N3AYAA,A319,2006
N3CFAA,A320,2007
N372DA,A319,2006
N3753,737NG,2004
N3754A,737NG,2005
N3756,737NG,2011
N392DA,A320,2008
N3752,A321,2007
N394DA,737NG,2010
N395DN,A321,2011
N33294,A320,2009
N375DA,A321,2011
N3FAAA,A319,2008
N37471,A320,2006
N399DA,737NG,2006
N37298,A320,2010
N3760C,A319,2011
N3ABAA,A319,2008
N3ARAA,737NG,2005
N3748Y,737NG,2004
N3AWAA,A321,2006
N3BUAA,A320,2011
N3CCAA,A321,2011
N3771K,A319,2010
N3MDAA,A321,2011
N3FDAA,A320,2007
N613JB,737NG,2013
N584JB,737NG,2005
N796JB,A320,2004
N571JB,737NG,2005
N3GDAA,A319,2005
N837VA,A320,2007
N534JB,A321,2010
N53442,A321,2010
N529JB,A319,2005
N526VA,A319,2008
N839VA,A321,2004
N523VA,A320,2008
N523JB,A321,2011
N521VA,A319,2008
N520JB,A320,2007
N519JB,A320,2009
N517JB,737NG,2009
N516JB,A320,2005
N606JB,A321,2008
N615JB,A320,2013
N504JB,A319,2012
N729JB,A320,2009
N703JB,A319,2012
N69816,A321,2013
N804JB,A321,2009
N68801,A320,2010
N809JB,A321,2007
N661JB,A321,2013
N656JB,737NG,2012
N641JB,737NG,2009
N640VA,737NG,2005
N639VA,737NG,2006
N638VA,A319,2007
N633VA,737NG,2013
N633JB,A320,2007
N624VA,A319,2004
N623VA,A321,2011
N622VA,A319,2011
N621JB,A319,2007
N851VA,A321,2007
N565JB,737NG,2004
N24224,A320,2005
N3LKAA,737NG,2005
N3KHAA,A319,2010
N3KXAA,737NG,2008
N3LEAA,737NG,2013
N3MAAA,A321,2006
N3LFAA,737NG,2009
N3LHAA,A321,2006
N3LYAA,A319,2009
N3LXAA,A319,2007
N3LUAA,A321,2010
N3LVAA,737NG,2010
N3LMAA,A319,2011
N3LNAA,737NG,2007
N3LPAA,A321,2006
N3LRAA,A320,2005
N3LSAA,A321,2007
N3LTAA,A321,2013
N3MCAA,A320,2012
N3MEAA,A321,2012
N3MFAA,A319,2009
N3MHAA,A321,2004
N3GFAA,A321,2011
N3GHAA,A319,2007
N3GWAA,737NG,2009
N496UA,A319,2010
N3HHAA,737NG,2010
N3HMAA,A321,2013
N3HNAA,A321,2005
N3HVAA,A319,2009
N855VA,A321,2010
N460UA,A321,2012
N41140,A319,2004
N3MKAA,A319,2007
N3MJAA,A320,2009
N3JXAA,A319,2005
N433AS,A320,2004
N612JB,A319,2005
N505JB,737NG,2013
N588HA,A320,2010
N638JB,A319,2009
N706JB,737NG,2011
N569JB,737NG,2004
N709JB,A320,2007
N580JB,737NG,2012
N535JB,A320,2010
N705TW,A319,2011
N510UA,A320,2008
N528VA,A320,2008
N642VA,A320,2004
N718TW,737NG,2008
N717TW,A320,2008
N844VA,A319,2005
N505UA,A319,2007
N798AA,737NG,2008
N713TW,A320,2009
N712TW,737NG,2004
N518UA,A320,2005
N709TW,737NG,2013
N702TW,A320,2005
N546UA,A319,2012
N704X,A319,2009
N854VA,737NG,2004
N846VA,A320,2007
N706TW,A319,2007
N707TW,A319,2012
N598UA,A320,2004
N799AA,A320,2012
N625VA,737NG,2013
N596UA,A319,2011
N595UA,A320,2008
N590UA,737NG,2004
N589UA,737NG,2008
N502UA,A320,2011
N588UA,A320,2012
N587UA,A320,2013
N797AA,737NG,2005
N624AG,A319,2009
N626VA,737NG,2012
N597UA,A320,2013
N627VA,A319,2004
N629VA,A319,2008
N631VA,A320,2008
N723TW,737NG,2007
N632VA,A320,2011
N568UA,737NG,2008
N721TW,A320,2006
N635VA,A320,2013
N637VA,A320,2010
N727TW,A319,2013
N796AA,A319,2013
N784AA,737NG,2004
N943JB,A319,2004
N942JB,A320,2013
N787AA,737NG,2005
N947JB,A319,2010
N923JB,737NG,2009
N795AA,A319,2011
N789AA,A319,2004
N794AA,A320,2011
N783AA,737NG,2007
N929JB,737NG,2009
N937JB,A320,2009
N946JB,737NG,2008
N19141,737NG,2010
N788AA,A319,2004
N790AA,A319,2006
N791AA,A320,2009
N786AA,737NG,2009
N934JB,A320,2004
N792AA,A319,2006
N945JB,A320,2006
N793AA,737NG,2005
N935JB,A319,2009
N944JB,A319,2008
N785AA,737NG,2013
N3GEAA,A319,2004
N3BCAA,A320,2007
N3BLAA,A320,2007
N349AA,A319,2005
N343AA,A319,2008
N3BXAA,737NG,2005
N3BMAA,A319,2005
N3CUAA,A320,2011
N3FUAA,A319,2005
N3FSAA,A319,2010
N3DGAA,A320,2007
N391AA,737NG,2011
N3AHAA,A320,2011
N3FNAA,A320,2011
N635AA,A319,2010
N3EGAA,737NG,2010
N640AA,A319,2013
N3ETAA,A320,2009
N633AA,A319,2013
N3ELAA,737NG,2007
N5EPAA,A319,2012
N342AA,A319,2005
N3JCAA,737NG,2007
N3JTAA,737NG,2006
N5BYAA,A319,2007
N5BVAA,A319,2010
N5ENAA,A319,2007
N5CPAA,737NG,2004
N3LBAA,A320,2009
N5CKAA,A320,2007
N3KTAA,737NG,2007
N583JB,737NG,2008
N18243,A319,2011
N594JB,A320,2011
N589JB,737NG,2012
N766JB,737NG,2005
N26215,737NG,2013
N66837,737NG,2005
N627JB,A319,2012
N68802,737NG,2012
N662JB,737NG,2011
N561JB,737NG,2010
N75425,A319,2005
N37290,737NG,2005
N521JB,737NG,2010
N64809,A320,2013
N34222,A320,2009
N73283,737NG,2009
N658JB,A319,2004
N76516,A319,2006
N27239,737NG,2004
N605JB,737NG,2009
N625JB,A319,2007
N645JB,737NG,2005
N789JB,A320,2004
N663JB,A319,2011
N536JB,A320,2008
N592JB,737NG,2006
N598JB,A319,2010
N665JB,737NG,2009
N591JB,737NG,2006
N558JB,A319,2013
N562JB,A320,2012
N564JB,737NG,2008
N579JB,737NG,2011
N639JB,A319,2010
N608JB,737NG,2012
N537JB,A319,2013
N597JB,A320,2012
N35260,737NG,2013
N431UA,737NG,2009
N33132,A319,2006
N636VA,A319,2005
N87507,A320,2007
N833UA,A319,2011
N33203,737NG,2007
N467UA,A319,2008
N834UA,737NG,2011
N456UA,A320,2013
N34460,737NG,2008
N455UA,737NG,2008
N457UA,A320,2013
N819UA,A319,2008
N18112,A320,2006
N818UA,A320,2005
N18223,737NG,2009
N77261,737NG,2007
N459UA,A320,2011
N34282,737NG,2007
N485UA,A319,2008
N465UA,737NG,2007
N473UA,A320,2009
N11206,A320,2006
N87512,737NG,2011
N454UA,A320,2010
N47414,A320,2010
N829UA,A320,2012
N448UA,737NG,2011
N449UA,A319,2006
N73406,737NG,2013
N476UA,737NG,2004
N825UA,A319,2004
N39415,A319,2010
N77431,A319,2013
N628VA,A319,2011
N439UA,A320,2010
N87527,A320,2007
N87513,A319,2011
N77430,A320,2012
N73445,A320,2006
N73251,A319,2007
N12216,A319,2009
N822UA,A319,2010
N427UA,A319,2008
N12221,737NG,2007
N474UA,A319,2012
N39418,737NG,2012
N39423,737NG,2011
N39450,737NG,2013
N461UA,A320,2012
N817UA,A319,2006
N37267,737NG,2006
N68836,737NG,2008
N76528,737NG,2009
N68811,A319,2009
N68817,A320,2010
N37465,A320,2005
N68823,A320,2005
N68834,737NG,2006
N849UA,A319,2012
N803UA,A320,2013
N26210,737NG,2008
N38417,A320,2004
N38424,737NG,2006
N38446,A320,2011
N66848,A320,2007
N66841,A319,2005
N66828,A320,2006
N66814,A319,2009
N403UA,A320,2013
N37462,737NG,2010
N498UA,A320,2005
N37456,737NG,2013
N843UA,A320,2004
N844UA,A320,2006
N37274,A319,2007
N24202,A319,2011
N845UA,A319,2006
N24211,737NG,2005
N76508,A319,2007
N37273,737NG,2005
N37408,A319,2010
N14214,A320,2009
N37427,A320,2006
N37434,A319,2009
N402UA,A319,2013
N37255,737NG,2013
N842UA,A319,2005
N38451,737NG,2004
N26123,A319,2004
N26226,A319,2010
N69813,737NG,2006
N36447,737NG,2008
N66808,737NG,2008
N411UA,737NG,2013
N69830,737NG,2011
N65832,A319,2005
N488UA,A320,2007
N69840,A319,2009
N852UA,737NG,2008
N420UA,A320,2006
N36280,737NG,2007
N77520,A319,2011
N814UA,A320,2011
N36272,A319,2004
N486UA,A320,2005
N851UA,A320,2013
N423UA,A319,2005
N426UA,737NG,2010
N408UA,737NG,2010
N69829,A320,2007
N69810,737NG,2004
N811UA,A320,2010
N53441,A319,2013
N14118,A320,2013
N79521,A320,2008
N14106,737NG,2008
N37474,A319,2011
N67812,A320,2009
N77295,737NG,2005
N57870,A319,2010
N14237,A319,2012
N18220,A319,2007
N33292,737NG,2006
N1501P,A319,2010
N590NW,737NG,2012
N153DL,A320,2004
N394DL,737NG,2011
N5DFAA,A319,2008
N197DN,A320,2011
N77530,A319,2011
N196DN,A320,2010
N5DHAA,A319,2004
N34137,A319,2005
N57852,A319,2007
N195DN,A319,2011
N192DN,A320,2007
N5DKAA,A319,2013
N581NW,737NG,2012
N5DJAA,A319,2007
N189DN,737NG,2005
N185DN,A320,2009
N431AS,737NG,2005
N435AS,A320,2006
N419AS,737NG,2005
N472AS,737NG,2007
N803AW,737NG,2008
N766US,A319,2013
N810AW,737NG,2010
N769US,A319,2011
N832AW,A319,2005
N768US,A319,2012
N762US,A320,2012
N809AW,A319,2013
N817AW,A319,2011
N756US,A320,2009
N524AS,A319,2005
N705JB,737NG,2006
N517AS,A320,2007
N531JB,737NG,2009
N708JB,A320,2006
N549UW,A320,2009
N151UW,A320,2006
N581UW,737NG,2005
N195UW,737NG,2013
N548UW,737NG,2004
N855UA,A320,2004
N507AY,737NG,2011
N582UW,A320,2006
N547UW,A320,2007
N509AY,A319,2005
N584UW,A320,2009
N483UA,A319,2011
N542UW,A319,2010
N551UW,A319,2012
N194UW,A319,2006
N585UW,737NG,2006
N587UW,737NG,2009
N850UA,A320,2005
N196UW,A319,2009
N184US,A319,2006
N38459,A320,2005
N569UW,A320,2006
N545UW,737NG,2013
N576UW,A319,2011
N156UW,737NG,2013
N835UA,A319,2012
N523UW,737NG,2013
N848UA,737NG,2010
N565UW,737NG,2008
N841UA,A319,2010
N197UW,A320,2012
N563UW,A319,2007
N563JB,737NG,2009
N562UW,A319,2005
N918US,A319,2004
N187US,A320,2005
N183UW,A320,2007
N839UA,A320,2009
N35271,737NG,2004
N154UW,A319,2013
N38403,737NG,2011
N559UW,737NG,2011
N557UW,A319,2007
N579UW,737NG,2010
N571UW,737NG,2004
N556UW,A320,2006
N544UW,A320,2012
N150UW,A319,2011
N913US,A320,2013
N793JB,A320,2013
N602AW,A319,2007
N678AW,737NG,2009
N174US,A320,2011
N180US,A319,2011
N179UW,737NG,2004
N915US,A319,2005
N922US,737NG,2013
N405UA,A319,2012
N173US,A319,2009
N668AW,A320,2011
N169UW,A319,2006
N657AW,A319,2005
N665AW,A319,2012
N662AW,A319,2005
N677AW,A320,2010
N68452,737NG,2011
N827UA,737NG,2004
N443UA,A320,2004
N170US,A320,2005
N680AW,737NG,2005
N651AW,A319,2006
N649JB,737NG,2011
N171US,737NG,2005
N916US,A320,2010
N28478,A320,2004
N595JB,A319,2005
N640AW,737NG,2006
N923US,A319,2009
N652AW,A319,2008
N528AS,A319,2013
N549AS,A319,2008
N453AS,A320,2008
N530AS,737NG,2004
N323AS,A320,2005
N471AS,A320,2005
N6707A,A320,2013
N3747D,A320,2004
N655DL,A319,2006
N681DA,A319,2008
N6706Q,A320,2012
N654DL,737NG,2011
N6710E,737NG,2008
N698DL,A320,2011
N666DN,737NG,2007
N77871,A320,2009
N77865,A319,2009
N318AS,A319,2011
N78501,A319,2012
N76522,A319,2013
N24212,A319,2005
N194DN,737NG,2012
N199DN,737NG,2009
N190DN,737NG,2008
N722TW,A319,2012
N634VA,A319,2012
N1603,A319,2009
N559JB,A320,2008
N566JB,737NG,2013
N508JB,737NG,2011
N760JB,A319,2012
N510JB,737NG,2012
N585JB,A320,2013
N646JB,737NG,2012
N594HA,737NG,2006
N14242,A319,2009
N471UA,A319,2004
N76269,A319,2012
N38458,A320,2010
N854UA,737NG,2004
N76529,A319,2010
N75433,A320,2006
N76254,A319,2012
N838UA,737NG,2005
N840VA,A320,2006
N41135,A319,2007
N66825,A320,2007
N807UA,A320,2004
N36469,737NG,2010
N14230,A320,2009
N67845,A320,2012
N14121,A320,2009
N14120,A320,2007
N14102,A320,2010
N75435,A319,2004
N81449,A320,2009
N38473,A320,2007
N77518,737NG,2009
N38257,737NG,2008
N484UA,A319,2007
N398DA,737NG,2006
N12114,737NG,2013
N12116,737NG,2009
N453UA,A319,2012
N21108,A320,2010
N57111,A319,2009
N78438,A319,2011
N39463,A319,2008
N69835,A320,2005
N3755D,A319,2010
N13138,737NG,2006
N68807,A319,2010
N32404,A319,2011
N17128,737NG,2006
N17105,737NG,2007
N3767,A320,2008
N3759,737NG,2005
N33103,737NG,2010
N3764D,A320,2006
N78511,A320,2007
N78524,A320,2004
N451UA,A320,2011
N13718,A320,2004
N12109,737NG,2006
N846UA,A319,2009
N481UA,737NG,2004
N28457,A319,2004
N434UA,A319,2008
N435UA,A320,2005
N48127,737NG,2007
N3734B,737NG,2008
N75432,737NG,2008
N391DA,A320,2006
N29129,737NG,2008
N75426,A319,2004
N630JB,737NG,2009
N3741S,A320,2009
N442UA,A319,2010
N37422,A320,2009
N445UA,A320,2004
N828UA,A320,2004
N847UA,A319,2008
N447UA,A320,2008
N7735A,E190,2008
N929WN,A319,2008
N7743B,A319,2008
N403WN,737NG,2010
N776WN,737NG,2008
N208WN,A319,2012
N777QC,737NG,2009
N444WN,E190,2005
N214WN,737NG,2008
N550UA,A320,2004
N757LV,A320,2005
N548UA,A319,2006
N718SW,E190,2011
N959WN,737NG,2012
N764SW,737NG,2009
N912WN,A320,2006
N451WN,A320,2012
N460WN,A320,2011
N7748A,A319,2004
N467WN,A319,2008
N950WN,737NG,2006
N901WN,E190,2008
N3CTAA,A320,2013
N3CRAA,A319,2005
N3GYAA,E190,2006
N68805,A319,2013
N68821,A320,2005
N68822,A319,2012
N623JB,737NG,2005
N3FXAA,A320,2008
N3743H,737NG,2009
N69806,E190,2010
N68842,A319,2006
N35407,A320,2005
N3BPAA,A320,2004
N3KSAA,A319,2010
N3BJAA,A320,2009
N69833,737NG,2008
N603JB,A319,2008
N69839,A320,2011
N3HWAA,A319,2012
N3JUAA,E190,2007
N3740C,737NG,2011
N526JB,E190,2005
N381DN,E190,2011
N377DA,A320,2012
N3733Z,A320,2012
N3732J,E190,2010
N373DA,E190,2011
N33284,737NG,2009
N39297,E190,2006
N36207,737NG,2011
N76288,A319,2007
N38727,A319,2013
N463UA,A320,2004
N17719,737NG,2005
N73270,E190,2007
N27733,A319,2005
N24702,E190,2008
N39728,E190,2006
N39726,A320,2004
N16701,737NG,2005
N25705,A320,2006
N17730,A320,2011
N16713,A320,2012
N15712,A320,2004
N24706,E190,2005
N23721,737NG,2008
N76519,E190,2007
N24715,E190,2004
N17233,A320,2013
N440UA,737NG,2008
N15710,A320,2009
N23707,E190,2011
N404UA,A319,2007
N494UA,A319,2006
N27722,A320,2006
N16217,E190,2012
N69819,E190,2006
N37409,E190,2013
N802UA,A319,2009
N75410,A319,2007
N14731,A319,2010
N36472,A319,2006
N3ALAA,A319,2007
N763JB,E190,2004
N3DTAA,A320,2010
N3CAAA,E190,2011
N3GVAA,E190,2013
N3CSAA,A320,2011
N3GSAA,A319,2006
N3JRAA,A319,2010
N3JDAA,A319,2005
N3JMAA,737NG,2007
N837DN,A320,2011
N822DN,A319,2012
N838DN,A320,2004
N813DN,E190,2006
N810DN,A320,2004
N832DN,737NG,2005
N816DN,E190,2010
N834DN,A320,2006
N824DN,A319,2008
N818DA,A319,2010
N807DN,A319,2008
N808DN,737NG,2007
N825DN,A320,2011
N803DN,A320,2013
N826DN,E190,2013
N827DN,737NG,2007
N828DN,E190,2008
N547JB,737NG,2008
N836DN,A319,2013
N833DN,A320,2005
N805DN,A319,2010
N799UA,A319,2008
N798UA,A319,2005
N671UA,737NG,2005
N780UA,737NG,2005
N38454,A319,2006
N480UA,737NG,2008
N493UA,A320,2007
N492UA,E190,2011
N482UA,737NG,2010
N537UA,E190,2007
N776UA,A319,2010
N76503,E190,2008
N45440,A320,2004
N228UA,737NG,2006
N428UA,A319,2007
N73256,737NG,2008
N771UA,737NG,2012
N446UA,A319,2004
N73299,A319,2012
N217UA,E190,2004
N773UA,737NG,2006
N438UA,E190,2010
N462UA,A320,2012
N796UA,A320,2009
N437UA,A319,2010
N14250,A319,2004
N466UA,737NG,2008
N75429,A319,2009
N223UA,737NG,2007
N797UA,A319,2004
N224UA,737NG,2010
N469UA,737NG,2013
N497UA,A319,2012
N430UA,E190,2009
N750UW,E190,2013
N921US,737NG,2013
N78285,A319,2004
N77525,A320,2007
N686DA,E190,2011
N674DL,A320,2008
N162UW,737NG,2005
N519UW,A320,2004
N190UW,E190,2005
N924US,A319,2010
N182UW,A320,2007
N567UW,A320,2004
N568UW,A320,2008
N570UW,A320,2005
N572UW,737NG,2012
N176UW,E190,2011
N521UW,A319,2007
N580UW,737NG,2006
N558UW,A319,2012
N185UW,A319,2010
N586UW,A319,2010
N189UW,A319,2012
N172US,A319,2008
N12225,A320,2011
N27213,737NG,2008
N654AW,737NG,2009
N167US,A320,2008
N561UW,737NG,2006
N524UW,E190,2010
N66831,737NG,2005
N152UW,A320,2006
N537UW,737NG,2009
N67846,A319,2005
N538UW,A319,2012
N541UW,E190,2012
N489UA,A319,2009
N186US,A319,2009
N548AS,737NG,2009
N191UW,E190,2013
N673AW,A319,2011
N178US,A320,2011
N554UW,A320,2005
N193UW,E190,2009
N555AY,737NG,2011
N550UW,737NG,2007
N552AS,E190,2005
N534UW,A319,2008
N552UW,737NG,2005
N14219,A320,2008
N444UA,737NG,2013
N182UA,E190,2010
N636JB,A319,2010
N517NK,E190,2008
N514NK,E190,2004
N607JB,E190,2012
N521NK,E190,2010
N506NK,737NG,2004
N523NK,A320,2009
N509NK,737NG,2013
N503NK,A319,2011
N533NK,A320,2011
N529NK,A319,2004
N587JB,A320,2006
N526NK,E190,2007
N768JB,A320,2010
N504NK,A320,2012
N534NK,E190,2006
N527NK,737NG,2005
N971UY,A319,2011
N920US,E190,2012
N912UY,A319,2005
N153UW,E190,2009
N112US,737NG,2013
N578UW,A320,2004
N675AW,737NG,2004
N658AW,A320,2008
N679AW,A320,2012
N661AW,A319,2009
N701UW,A319,2013
N672AW,737NG,2006
N660AW,A320,2009
N667AW,737NG,2009
N414UA,E190,2007
N37277,A319,2009
N13716,A320,2011
N27724,A320,2013
N618AS,737NG,2007
N302AS,A319,2006
N303AS,A320,2010
N613AS,A320,2008
N611AS,E190,2005
N609AS,A320,2013
N520AS,737NG,2007
N608NK,A320,2008
N614NK,A319,2012
N636NK,E190,2004
N593JB,E190,2011
N634NK,737NG,2011
N631NK,A320,2008
N601NK,E190,2006
N627NK,A319,2008
N625NK,A319,2007
N602NK,A319,2004
N622NK,737NG,2013
N620NK,A320,2005
N604NK,E190,2007
N616NK,A320,2013
N603NK,E190,2007
N612NK,737NG,2011
N607NK,737NG,2004
N609NK,A319,2004
N7CAAA,A320,2008
N7ARAA,737NG,2012
N851AA,E190,2013
N858AA,737NG,2004
N7AYAA,A320,2009
N867AA,A319,2010
N7AWAA,737NG,2013
N3FYAA,A319,2007
N7AUAA,A320,2013
N7ATAA,A320,2009
N3FVAA,737NG,2006
N7AMAA,E190,2013
N7BLAA,E190,2004
N393DA,E190,2010
N3FKAA,A319,2012
N7ALAA,A320,2010
N5BSAA,E190,2010
N3JNAA,737NG,2008
N5CAAA,E190,2004
N7AKAA,737NG,2007
N3EWAA,A319,2005
N5CFAA,E190,2006
N3BFAA,A319,2006
N7AJAA,737NG,2008
N7BDAA,737NG,2007
N857AA,E190,2005
N3772H,A319,2011
N3LJAA,E190,2006
N853AA,E190,2004
N7CBAA,E190,2012
N3HKAA,E190,2005
N3KFAA,A319,2010
N380DA,737NG,2013
N3KUAA,737NG,2010
N3HFAA,737NG,2011
N3KDAA,E190,2006
N371DA,E190,2009
N3LAAA,A320,2010
N3HTAA,E190,2007
N382DA,E190,2006
N7BGAA,A319,2007
N865AA,E190,2008
N7BJAA,737NG,2011
N3JGAA,E190,2008
N850AA,E190,2006
N7BVAA,737NG,2008
N5DVAA,737NG,2011
N855AA,A320,2006
N3766,A320,2011
N7BSAA,737NG,2012
N856AA,A319,2008
N866AA,737NG,2005
N7AHAA,E190,2011
N3EUAA,E190,2009
N3DHAA,A320,2007
N634AA,A319,2008
N3DNAA,737NG,2007
N3DLAA,737NG,2008
N3DCAA,A319,2010
N3AJAA,E190,2011
N861AA,A320,2009
N862AA,737NG,2009
N3CNAA,737NG,2004
N3CMAA,E190,2005
N3CJAA,E190,2008
N3CGAA,A319,2005
N3CDAA,737NG,2010
N3AUAA,E190,2006
N3BSAA,737NG,2008
N3BRAA,E190,2011
N3BBAA,737NG,2008
N3DSAA,737NG,2011
N7BPAA,A319,2013
N864AA,E190,2007
N5EJAA,E190,2005
N5EKAA,E190,2008
N3EKAA,A319,2011
N3EBAA,A320,2009
N863AA,A320,2008
N3EHAA,E190,2012
N8638A,E190,2012
N790SW,737NG,2012
N7709A,E190,2011
N8318F,E190,2011
N285WN,737NG,2006
N8657B,A320,2004
N707SA,E190,2010
N793SA,737NG,2007
N8614M,737NG,2005
N8315C,737NG,2011
N762SW,E190,2010
N8627B,A320,2010
N8621A,E190,2012
N8658A,A319,2009
N701GS,A320,2012
N8625A,A320,2010
N8310C,E190,2009
N928WN,E190,2012
N8662F,A320,2008
N8653A,737NG,2010
N7733B,E190,2004
N8619F,A320,2004
N8616C,E190,2007
N426WN,737NG,2012
N8325D,A320,2009
N7702A,E190,2012
N245WN,737NG,2005
N270WN,A319,2006
N8603F,A319,2010
N255WN,A319,2007
N948WN,A319,2011
N8637A,737NG,2004
N958WN,A319,2011
N8324A,E190,2006
N8308K,A319,2005
N478WN,A319,2008
N8626B,A319,2012
N8312C,A320,2004
N8608N,A320,2007
N8313F,A320,2006
N8604K,A320,2005
N8305E,737NG,2009
N8303R,A319,2008
N8314L,A320,2005
N8323C,E190,2011
N8628A,E190,2011
N760SW,737NG,2008
N483WN,E190,2007
N8629A,737NG,2006
N8602F,A320,2005
N953WN,A320,2013
N8320J,A319,2006
N8641B,A320,2011
N8609A,E190,2011
N269WN,737NG,2006
N248WN,A320,2012
N8659D,A320,2006
N37252,E190,2005
N8664J,737NG,2005
N239WN,E190,2011
N7747C,A319,2005
N260WN,A319,2012
N259WN,A320,2006
N8656B,A320,2012
N78448,A320,2006
N69826,737NG,2007
N3EYAA,E190,2012
N3DMAA,E190,2011
N527AS,737NG,2012
N812UA,A319,2006
N470UA,A319,2007
N73275,A320,2007
N477UA,737NG,2007
N816UA,A320,2009
N490UA,737NG,2007
N424UA,E190,2011
N556AS,A320,2010
N551AS,A320,2008
N525AS,A320,2005
N199UW,A320,2013
N746JB,737NG,2009
N655AW,E190,2007
N583UW,A319,2013
N820AW,737NG,2006
N618JB,A319,2009
N656AW,E190,2006
N742PS,A320,2011
N669AW,A320,2007
N805AW,E190,2010
N649AW,E190,2013
N157UW,E190,2006
N752US,A319,2004
N601AW,A319,2012
N823AW,737NG,2008
N663AW,737NG,2013
N653AW,E190,2006
N676AW,A320,2011
N202WN,A319,2005
N703SW,E190,2009
N228WN,E195,2011
N7814B,A319,2008
N7741C,A319,2013
N225WN,E190,2006
N211WN,E190,2007
N474WN,A320,2005
N237WN,A320,2005
N221WN,737NG,2007
N726SW,E190,2007
N490WN,A320,2008
N466WN,E190,2005
N944WN,E190,2012
N449WN,737NG,2010
N789SW,E190,2011
N204WN,A320,2007
N161UW,E190,2007
N553UW,737NG,2010
N192UW,E190,2012
N914UY,A320,2010
N198UW,A320,2012
N155UW,E190,2008
N919US,E195,2009
N575UW,A319,2004
N560UW,A320,2010
N536UW,E190,2004
N8649A,E195,2013
N710SW,A319,2010
N8639B,A320,2012
N8326F,A319,2012
N8607M,E190,2009
N8623F,737NG,2006
N8660A,737NG,2005
N8329B,A320,2004
N8328A,A319,2009
N8661A,737NG,2010
N8317M,A320,2010
N8632A,A319,2007
N8307K,737NG,2010
N8642E,A320,2007
N8321D,A320,2012
N8640D,A320,2004
N946WN,A320,2007
N8615E,E190,2012
N8301J,A320,2010
N406UA,A320,2011
N38467,E190,2008
N3JKAA,737NG,2012
N417UA,A319,2011
N3BKAA,E195,2008
N34455,A320,2008
N3JFAA,737NG,2010
N39416,E195,2012
N3DUAA,A319,2007
N3HUAA,A320,2013
N3HSAA,737NG,2008
N3KEAA,A320,2007
N3FLAA,E190,2005
N3GCAA,E190,2005
N3HCAA,A320,2004
N3EMAA,A319,2006
N422UA,737NG,2009
N3KKAA,E195,2009
N163US,E190,2012
N566UW,A319,2005
N3KYAA,E195,2004
N3JPAA,A320,2010
N3GXAA,737NG,2010
N3DYAA,737NG,2008
N3CHAA,A320,2008
N3GNAA,737NG,2005
N436UA,A320,2005
N407UA,A319,2013
N453WN,E195,2004
N719SW,E195,2011
N295WN,737NG,2006
N756SA,E190,2005
N219WN,A320,2007
N296WN,A319,2011
N485WN,A319,2012
N733SA,737NG,2012
N76517,A319,2009
N445WN,E195,2012
N782SA,A320,2009
N457WN,E190,2011
N417WN,A320,2008
N413UA,737NG,2008
N779SW,A320,2011
N6701,A320,2007
N3EDAA,E195,2005
N139DL,A320,2008
N913JB,CRJ700,2012
N387DA,A320,2009
N905JB,A320,2012
N3730B,737NG,2005
N384DA,E190,2010
N3757D,E195,2012
N3737C,E190,2008
N699DL,CRJ700,2011
N827JB,E195,2010
N3739P,E190,2010
N900PC,CRJ700,2005
N396DA,A320,2011
N3BHAA,CRJ700,2009
N3JEAA,E190,2005
N3JLAA,CRJ700,2010
N6700,A319,2012
N3FHAA,737NG,2004
N907JB,E190,2005
N6708D,CRJ700,2005
N3GLAA,E190,2011
N524JB,A319,2010
N3GBAA,A319,2011
N3CBAA,737NG,2005
N6713Y,A320,2005
N903JB,E190,2010
N3762Y,A320,2008
N697DL,A320,2004
N3763D,E190,2012
N385DN,E195,2012
N374DA,CRJ700,2006
N6704Z,E190,2009
N6712B,E190,2010
N6711M,CRJ700,2008
N3769L,A320,2008
N3HDAA,737NG,2007
N3742C,737NG,2010
N390DA,E190,2009
N670DN,A320,2008
N749US,CRJ700,2007
N3735D,E190,2006
N3731T,A319,2007
N397DA,737NG,2011
N758US,737NG,2012
N386DA,A320,2009
N3738B,A319,2007
N767UW,E190,2013
N745VJ,737NG,2012
N713SW,E195,2008
N7738A,CRJ700,2010
N552WN,737NG,2007
N962WN,E195,2004
N421LV,A319,2013
N476WN,CRJ700,2013
N209WN,CRJ700,2012
N791SW,A320,2007
N910WN,A319,2004
N7716A,CRJ700,2005
N47214,E195,2004
N470WN,737NG,2004
N960WN,E190,2005
N247WN,E195,2004
N71411,E195,2010
N67815,A320,2007
N73276,E190,2007
N491UA,CRJ700,2010
N73259,CRJ700,2006
N36444,A320,2007
N76265,A320,2006
N3CKAA,CRJ700,2007
N695DL,E195,2012
N6705Y,A319,2004
N67171,A320,2004
N6716C,A320,2009
N3FJAA,E190,2005
N693DL,737NG,2004
N3KNAA,E195,2008
N416UA,E190,2004
N3KGAA,A319,2013
N3BTAA,E195,2010
N859AA,737NG,2013
N3750D,CRJ700,2010
N685DA,A319,2010
N692DL,CRJ700,2013
N672DL,737NG,2009
N682DA,A320,2008
N3EPAA,737NG,2011
N823DN,CRJ700,2009
N181DN,CRJ700,2004
N820DN,E175,2004
N830DN,E190,2010
N821DN,E190,2012
N191DN,737NG,2005
N811DZ,E190,2007
N584NW,E190,2009
N156DL,A319,2006
N819DN,E175,2007
N152DL,E175,2012
N835DN,737NG,2007
N812DN,A319,2007
N198DN,A319,2011
N180DN,CRJ700,2005
N814DN,E195,2011
N187DN,E195,2012
N6715C,E175,2008
N831DN,737NG,2007
N188DN,CRJ700,2005
N815DN,CRJ700,2006
N155DL,E190,2013
N193DN,E190,2013
N585NW,CRJ700,2004
N564UW,E190,2005
N964WN,E175,2005
N956WN,A319,2012
N619NK,A320,2004
N780SW,CRJ700,2007
N917UY,CRJ700,2013
N727SW,CRJ700,2011
N543UW,CRJ700,2005
N611NK,E175,2009
N256WN,E190,2013
N8322X,A319,2004
N177US,A319,2012
N123UW,A320,2006
N618NK,737NG,2007
N215WN,A320,2010
N737JW,737NG,2012
N7707C,CRJ700,2004
N188US,E190,2008
N409WN,E175,2008
N605NK,E195,2007
N102UW,E190,2007
N3GGAA,A320,2010
N3JSAA,737NG,2006
N3JVAA,E175,2011
N3KBAA,737NG,2012
N3APAA,E195,2004
N3ENAA,A319,2006
N852AA,A320,2005
N860AA,E195,2012
N3ADAA,A320,2006
N3AVAA,CRJ700,2009
N3HBAA,E175,2009
N7726A,A319,2004
N507JB,737NG,2010
N633NK,A319,2008
N634JB,E175,2012
N621NK,E195,2010
N287WN,E190,2009
N630NK,E195,2006
N638NK,737NG,2011
N632NK,A319,2011
N509JB,A320,2006
N637NK,E190,2008
N7728D,A320,2012
N626NK,A320,2007
N641NK,E175,2007
N741SA,737NG,2011
N452WN,737NG,2009
N735SA,A319,2010
N769SW,A320,2007
N615NK,E190,2007
N567WN,E190,2013
N231WN,E195,2010
N7734H,E190,2009
N711HK,A319,2009
N613NK,E195,2010
N413WN,A319,2011
N7714B,CRJ700,2007
N125DL,CRJ700,2004
N130DL,A320,2005
N6709,A320,2010
N802DN,E175,2012
N806DN,E190,2011
N124DE,E195,2006
N678DL,E190,2009
N829DN,CRJ700,2007
N136DL,CRJ700,2008
N5CCAA,CRJ700,2013
N5CDAA,A320,2005
N5CEAA,CRJ700,2006
N5DUAA,737NG,2012
N5EBAA,E175,2009
N33286,A319,2013
N3749D,E175,2012
N388DA,CRJ700,2009
N3736C,E190,2004
N3LGAA,E175,2012
N3LCAA,A320,2005
N3758Y,CRJ700,2005
N535UW,E195,2012
N3KAAA,CRJ700,2010
N3JJAA,A320,2010
N568JB,E190,2011
N3KLAA,E190,2010
N539UW,CRJ700,2006
N508AY,E195,2011
N573UW,E195,2006
N684DA,E195,2012
N3GKAA,A320,2006
N181UW,E190,2004
N3BNAA,E195,2008
N389DA,E175,2004
N6702,A319,2012
N3AEAA,737NG,2008
N217JC,A320,2004
N431WN,CRJ700,2004
N227WN,E175,2005
N7749B,CRJ700,2012
N273WN,CRJ700,2006
N464WN,A320,2005
N236WN,A319,2010
N739GB,A320,2009
N437WN,CRJ700,2012
N206WN,E195,2012
N482WN,A320,2007
N772SW,A320,2010
N688DL,A320,2011
N276WN,E190,2011
N465WN,A320,2010
N906WN,A319,2007
N496WN,CRJ700,2009
N126DL,737NG,2011
N450WN,737NG,2005
N754SW,E190,2005
N909WN,E175,2011
N127DL,CRJ700,2005
N230WN,E170,2012
N128DL,CRJ700,2007
N408WN,A320,2013
N129DL,737NG,2005
N226WN,A319,2005
N804DN,A320,2012
N696DL,E170,2007
N137DL,E175,2006
N658DL,E190,2004
N809DN,E195,2005
N801DZ,CRJ700,2012
N7711N,E175,2008
N439WN,737NG,2004
N121DE,A320,2004
N784SW,737NG,2004
N921WN,A320,2009
N6714Q,CRJ700,2011
N138DL,CRJ700,2004
N744P,CRJ700,2012
N821AW,E170,2005
N813AW,E170,2009
N826AW,E175,2007
N829AW,E170,2007
N290WN,CRJ700,2006
N267WN,E195,2004
N788SA,E170,2007
N277WN,E175,2013
N926WN,CRJ700,2013
N720WN,E190,2007
N7725A,E175,2009
N650AW,737NG,2011
N475WN,E190,2007
N268WN,A319,2004
N117UW,E170,2012
N659AW,E175,2008
N937WN,CRJ700,2004
N837UA,E175,2005
N943WN,CRJ700,2011
N487UA,E175,2010
N114UW,E175,2006
N932WN,CRJ700,2009
N495UA,737NG,2008
N831AW,A320,2008
N54711,737NG,2010
N419WN,A320,2012
N794SW,E195,2007
N119US,737NG,2010
N604AW,A320,2009
N494WN,A319,2011
N540UW,A320,2012
N125UW,737NG,2004
N510UW,A320,2012
N3751B,E170,2009
N200WN,E170,2007
N947WN,CRJ700,2012
N566WN,A320,2012
N8327A,E190,2007
N569WN,E175,2012
N629NK,E190,2006
N7723E,E170,2013
N554WN,CRJ700,2006
N902WN,CRJ700,2007
N952WN,A319,2011
N8319F,E195,2009
N730SW,E175,2013
N750SA,E190,2008
N732SW,E190,2007
N7720F,737NG,2004
N298WN,E175,2010
N7813P,E170,2011
N786SW,737NG,2012
N752SW,737NG,2009
N564WN,A319,2007
N240WN,E170,2004
N242WN,A319,2004
N498WN,E175,2004
N234WN,E190,2013
N254WN,E170,2011
N264LV,737NG,2012
N238WN,737NG,2008
N933WN,E195,2008
N8613K,E175,2007
N7732A,E195,2009
N243WN,737NG,2011
N7737E,E175,2004
N488WN,E170,2006
N8600F,737NG,2006
N443WN,E190,2009
N446WN,E195,2010
N250WN,E170,2007
N481WN,E190,2013
N252WN,E190,2013
N8654B,E175,2009
N914WN,A319,2004
N275WN,CRJ700,2009
N412WN,A320,2006
N7751A,A320,2007
N283WN,A320,2010
N400WN,A319,2007
N282WN,E195,2005
N908WN,E170,2005
N402WN,E170,2012
N8611F,E195,2012
N216WR,A319,2007
N288WN,E170,2013
N314US,E175,2010
N350NA,A320,2013
N315US,E175,2006
N365NW,CRJ700,2010
N659DL,E175,2008
N367NW,CRJ700,2008
N373NW,E175,2008
N343NW,CRJ700,2007
N372NW,A320,2009
N316US,A320,2006
N371NW,E195,2011
N366NW,A320,2013
N377NW,E175,2007
N336NW,A320,2012
N330NW,737NG,2013
N374NW,E175,2006
N322US,CRJ700,2011
N337NW,E195,2005
N362NW,E190,2013
N357NW,A319,2006
N378NW,E190,2007
N332NW,E195,2007
N334NW,E170,2006
N360NW,E170,2004
N327NW,737NG,2013
N817DN,E195,2005
N546UW,E190,2009
N763US,E190,2006
N3BGAA,E170,2008
N618DL,A319,2008
N200UU,E175,2011
N262WN,CRJ700,2012
N771SA,E170,2004
N289CT,E195,2009
N941UW,E190,2009
N8311Q,737NG,2006
N202UW,CRJ700,2008
N8634A,E190,2004
N204UW,A319,2006
N205UW,E195,2007
N165US,CRJ700,2005
N900WN,E195,2012
N8650F,E170,2013
N7730A,A319,2004
N755SA,A320,2007
N939UW,A320,2006
N907WN,A320,2009
N938UW,E175,2008
N8601C,A319,2008
N491WN,E195,2011
N3CEAA,A319,2007
N3EEAA,A319,2010
N3ESAA,CRJ700,2009
N527JB,737NG,2008
N3LDAA,A319,2008
N221FR,E175,2006
N206FR,A319,2005
N452UA,CRJ700,2005
N795SW,E170,2010
N218FR,737NG,2005
N219FR,E190,2006
N272WN,E170,2006
N203FR,E170,2011
N213FR,E175,2013
N925WN,A320,2005
N781WN,A320,2008
N220FR,737NG,2006
N210FR,A320,2004
N208FR,E175,2007
N211FR,E190,2006
N293WN,E190,2013
N253WN,E195,2006
N560WN,E175,2011
N227FR,E190,2004
N951WN,E195,2007
N961WN,CRJ700,2007
N557WN,E190,2007
N228FR,E175,2005
N204FR,E190,2009
N7719A,737NG,2008
N201FR,A319,2012
N214FR,E175,2012
N628NK,E170,2008
N606NK,E195,2012
N425UA,A320,2011
N640NK,E175,2007
N635NK,A319,2008
N8648A,E190,2010
N953FR,E175,2012
N8624J,E195,2008
N8646B,E170,2005
N8652B,737NG,2007
N8665D,E190,2008
N8635F,E175,2011
N938FR,E190,2013
N8651A,E190,2006
N8612K,CRJ700,2007
N8645A,E190,2011
N951FR,E175,2006
N952FR,E175,2006
N941FR,737NG,2011
N468WN,E190,2012
N8610A,E170,2004
N8617E,E170,2005
N331NW,A320,2007
N328NW,A319,2009
N325US,A319,2012
N246LV,A320,2005
N469WN,A320,2011
N775SW,A319,2006
N7811F,E195,2005
N708SW,A320,2006
N941WN,A320,2012
N7717D,E170,2011
N216FR,A319,2013
N207FR,E170,2007
N223FR,A320,2006
N202FR,A320,2008
N24729,E190,2006
N29717,E195,2010
N8644C,737NG,2012
N8620H,A319,2005
N8316H,A320,2008
N755US,E190,2012
N8306H,A320,2008
N748UW,E175,2005
N822AW,A319,2009
N8647A,E195,2005
N763SW,CRJ900,2011
N8663A,A319,2009
N8622A,E190,2010
N835AW,737NG,2010
N463WN,CRJ900,2010
N500WR,A319,2009
N8630B,E190,2005
N801AW,E195,2009
N479WN,737NG,2007
N8643A,E195,2004
N442WN,A320,2013
N8606C,CRJ900,2004
N834AW,E175,2013
N819AW,E175,2011
N802AW,737NG,2011
N836AW,737NG,2011
N687DL,E195,2009
N662DN,CRJ900,2012
N6703D,E195,2006
N627DL,E195,2009
N643JB,E175,2013
N683DA,E170,2011
N8309C,A319,2004
N294WN,A320,2005
N8605E,A319,2009
N8633A,737NG,2011
N717SA,E190,2008
N742SW,E170,2006
N940WN,CRJ700,2008
N447WN,E170,2006
N356NW,CRJ900,2013
N623NK,CRJ900,2008
N318US,A319,2011
N3AFAA,E170,2010
N3CVAA,E190,2007
N3GRAA,E195,2005
N3GAAA,E175,2010
N3ANAA,E195,2013
N369NW,E195,2008
N323US,737NG,2008
N317US,CRJ900,2011
N375NC,CRJ700,2013
N358NW,A319,2008
N345NW,CRJ900,2004
N281WN,A320,2011
N945WN,737NG,2011
N563WN,E170,2008
N7713A,CRJ700,2005
N486WN,A320,2012
N489WN,E190,2012
N766SW,737NG,2004
N233LV,E175,2004
N493WN,A319,2011
N7739A,A319,2012
N559WN,A319,2012
N740SW,E195,2006
N401WN,A319,2007
N004AA,CRJ700,2005
N706SW,CRJ900,2006
N928FR,737NG,2007
N006AA,E170,2013
N286WN,E175,2006
N924FR,E190,2007
N949WN,E190,2005
N947FR,E175,2008
N010AA,A319,2007
N224WN,737NG,2004
N555LV,A319,2005
N014AA,CRJ900,2004
N918FR,E170,2007
N7701B,A319,2009
N007AA,A320,2004
N908FR,E175,2012
N009AA,E190,2004
N949FR,E190,2009
N758SW,A320,2007
N929FR,E190,2006
N7706A,CRJ900,2012
N024AA,A319,2013
N919FR,A320,2007
N7722B,CRJ700,2011
N1612T,CRJ700,2009
N922WN,CRJ700,2005
N029AA,E175,2013
N030AA,E190,2012
N920FR,E190,2007
N1611B,E195,2012
N7712G,CRJ700,2007
N902FR,CRJ700,2010
N1610D,E190,2008
N912FR,E170,2012
N297WN,CRJ700,2008
N7721E,E170,2006
N1609,A319,2013
N1608,E170,2011
N480WN,E175,2004
N1607B,E190,2007
N619SW,E195,2005
N459WN,CRJ900,2012
N370NW,E190,2007
N1613B,CRJ700,2013
N746SW,E190,2009
N716SW,CRJ900,2007
N906FR,E195,2012
N017AA,E195,2007
N333NW,A319,2011
N410WN,CRJ700,2010
N019AA,737NG,2005
N547US,E170,2008
N7746C,CRJ900,2005
N023AA,CRJ900,2009
N201LV,737NG,2004
N022AA,A320,2008
N7736A,E170,2012
N026AA,CRJ700,2006
N932FR,A319,2007
N830UA,A320,2007
N806UA,CRJ700,2005
N813UA,E190,2007
N690DL,A320,2013
N664DN,CRJ900,2009
N712JB,A320,2007
N111US,E170,2008
N104UW,CRJ900,2004
N665DN,E175,2005
N660DL,A319,2007
N669DN,E170,2006
N633DL,E170,2013
N689DL,A320,2012
N675DL,E175,2007
N616DL,E195,2006
N676DL,CRJ700,2012
N617DL,E190,2005
N673DL,737NG,2005
N265WN,E175,2010
N7729A,CRJ900,2013
N7742B,CRJ700,2009
N765SW,E190,2012
N7750A,E175,2005
N853UA,A320,2010
N241WN,CRJ700,2008
N8302F,CRJ900,2013
N8618N,E175,2005
N424WN,E190,2006
N378DA,E195,2012
N667DN,737NG,2007
N427WN,A320,2008
N235WN,A320,2010
N942WN,A319,2013
N415WN,A320,2010
N745SW,E190,2012
N404WN,CRJ700,2008
N785SW,E170,2009
N957WN,E175,2008
N205WN,A319,2005
N7703A,A320,2008
N661DN,737NG,2006
N968WN,E190,2006
N734SA,E190,2010
N967WN,E175,2013
N232WN,E195,2008
N479UA,CRJ900,2008
N419UA,A319,2007
N21723,A320,2012
N401UA,737NG,2008
N810UA,A320,2011
N472UA,A319,2008
N76505,737NG,2012
N38443,CRJ700,2010
N353NW,A319,2013
N338NW,E190,2011
N324US,A319,2008
N348NW,A320,2005
N364NW,737NG,2013
N8631A,A320,2012
N274WN,CRJ900,2011
N423WN,CRJ700,2004
N477WN,E175,2012
N903WN,A320,2006
N441WN,E170,2013
N220WN,737NG,2006
N432WN,A320,2013
N433LV,A319,2012
N965WN,E195,2010
N924WN,CRJ900,2011
N434WN,A320,2009
N796SW,E195,2007
N3BYAA,A320,2011
N3ECAA,CRJ700,2007
N809UA,E195,2005
N3BDAA,E175,2011
N14228,CRJ900,2005
N3ASAA,E195,2004
N3BWAA,E170,2005
N661UA,E170,2005
N3LLAA,E195,2010
N3LWAA,CRJ700,2006
N831UA,E190,2011
N3DBAA,A319,2005
N410UA,A320,2008
N458UA,E175,2008
N3FEAA,737NG,2008
N3DEAA,E175,2006
N3FFAA,E170,2004
N3MBAA,CRJ700,2006
N12218,A320,2012
N7705A,E190,2008
N7752B,E170,2012
N773SA,E175,2004
N768SW,A319,2005
N550WN,A320,2012
N934WN,E195,2010
N430WN,E175,2011
N407WN,A320,2004
N905WN,A320,2009
N927WN,E190,2004
N223WN,CRJ900,2010
N916WN,A320,2007
N263WN,CRJ900,2009
N456WN,737NG,2007
N923WN,CRJ700,2006
N792SW,E195,2005
N8655D,E170,2008
N249WN,737NG,2011
N462WN,E170,2013
N939WN,E170,2011
N3GMAA,CRJ900,2004
N3KCAA,E175,2006
N3ACAA,E170,2008
N54241,CRJ900,2007
N441UA,A320,2007
N468UA,CRJ700,2013
N770SA,E195,2005
N209FR,CRJ900,2008
N229FR,E175,2004
N414WN,E170,2007
N72405,E170,2004
N832UA,E195,2011
N205FR,A320,2008
N210WN,A320,2013
N801UA,E175,2012
N551WN,A320,2008
N487WN,E195,2008
N704SW,CRJ700,2004
N770UW,A320,2005
N473WN,E190,2012
N954WN,737NG,2006
N271LV,737NG,2009
N429WN,E195,2007
N422WN,E195,2009
N828AW,A319,2012
N839AW,CRJ700,2012
N807AW,A319,2012
N749SW,CRJ900,2005
N405WN,E175,2006
N917WN,E190,2010
N438WN,737NG,2013
N3FTAA,737NG,2004
N738CB,CRJ700,2013
N458WN,A320,2013
N3BVAA,E170,2010
N715SW,E190,2011
N783SW,A319,2005
N7710A,CRJ700,2006
N425LV,A320,2010
N797MX,A320,2008
N495WN,737NG,2005
N821UA,A320,2004
N619AS,A319,2010
N315AS,E170,2011
N7744A,A320,2013
N305AS,CRJ700,2005
N309AS,737NG,2013
N317AS,E190,2013
N7812G,E170,2004
N556WN,737NG,2008
N478UA,CRJ700,2005
N966WN,A319,2005
N291WN,CRJ700,2006
N406WN,E170,2011
N411WN,E195,2007
N429UA,CRJ900,2004
N279WN,E175,2011
N586JB,E190,2011
N748SW,E175,2011
N455WN,CRJ700,2011
N218WN,A319,2012
N915WN,E170,2011
N553WN,E170,2005
N963WN,CRJ700,2009
N645SW,E195,2008
N725SW,CRJ700,2012
N728SW,CRJ900,2010
N499WN,737NG,2008
N384SW,E175,2008
N778SW,E190,2011
N723SW,E195,2004
N731SA,CRJ700,2009
N724SW,E170,2006
N639NK,CRJ700,2012
N310NW,E175,2009
N326US,A319,2005
N363NW,E175,2008
N562WN,E170,2011
N222WN,E170,2005
N530US,CRJ900,2008
N624NK,E190,2008
N522US,737NG,2013
N428WN,CRJ700,2006
N553NW,E170,2005
N612DL,737NG,2007
N533US,E170,2013
N532US,A319,2005
N7731A,A319,2005
N714CB,CRJ700,2006
N523US,E170,2007
N524NK,CRJ700,2007
N554NW,E170,2004
N668DN,E195,2006
N484WN,E170,2008
N913WN,CRJ700,2009
N926FR,E195,2013
N557NW,CRJ900,2010
N747SA,CRJ700,2005
N555NW,737NG,2013
N921FR,E190,2007
N759GS,CRJ700,2004
N905FR,CRJ700,2004
N933FR,CRJ900,2008
N551NW,A319,2013
N787SA,E175,2013
N541US,A319,2007
N923FR,CRJ700,2012
N671DN,E190,2008
N352NW,E195,2011
N543US,A319,2008
N534US,E195,2004
N512NK,A319,2009
N925FR,A319,2011
N550NW,CRJ900,2009
N934FR,A319,2010
N492WN,737NG,2006
N931FR,E170,2011
N519NK,CRJ700,2004
N433UA,A319,2004
N3EJAA,E175,2007
N3JBAA,A319,2012
N7AEAA,737NG,2009
N3BEAA,E175,2012
N475UA,737NG,2009
N27205,E195,2013
N820UA,737NG,2012
N3EXAA,E195,2013
N76504,CRJ700,2008
N826UA,CRJ700,2010
N508NK,E190,2007
N522NK,E175,2012
N532NK,E170,2007
N320AS,A319,2012
N3FRAA,E175,2011
N409UA,CRJ700,2012
N319AS,CRJ700,2011
N833AW,E170,2010
N760US,A319,2011
N292WN,E170,2010
N244WN,A319,2007
N753US,E190,2006
N284WN,737NG,2006
N120SY,A319,2009
N7718B,A319,2004
N107SY,CRJ700,2005
N108SY,E190,2008
N705SW,A319,2008
N119SY,A319,2005
N418WN,E190,2010
N106SY,A319,2008
N117SY,A319,2013
N132SY,E175,2005
N938WN,CRJ900,2008
N133SY,E175,2010
N139SY,E175,2010
N124SY,CRJ700,2007
N122SY,A319,2007
N114SY,737NG,2010
N131SY,CRJ900,2010
N251WN,737NG,2010
N461WN,CRJ900,2004
N7724A,CRJ700,2005
N258WN,E175,2013
N930WN,E190,2005
N278WN,CRJ700,2009
N105UW,A319,2004
N361NW,CRJ900,2010
N368NW,A319,2013
N342NW,A319,2006
N13750,A319,2012
N415UA,E175,2007
N23708,E175,2007
N14704,CRJ700,2007
N16709,737NG,2009
N836UA,A319,2013
N3GUAA,CRJ900,2004
N507NK,CRJ900,2009
N531NK,E195,2007
N3CYAA,A319,2009
N30401,E170,2012
N3KVAA,CRJ900,2005
N515NK,CRJ700,2010
N502NK,E175,2004
N3HRAA,E170,2004
N79402,CRJ900,2012
N3EFAA,737NG,2013
N3HAAA,A319,2010
N840UA,CRJ900,2007
N625AS,E190,2007
N3KMAA,E190,2010
N306AS,E170,2006
N307AS,737NG,2012
N3JAAA,CRJ900,2004
N3HGAA,E190,2006
N3CWAA,A319,2006
N37253,A319,2007
N920WN,737NG,2004
N299WN,CRJ900,2005
N729SW,E190,2007
N927FR,E190,2013
N943FR,E170,2006
N794JB,E175,2009
N506JB,E195,2013
N637JB,E190,2008
N489AA,E195,2009
N312US,CRJ900,2012
N583AA,CRJ900,2012
N815AW,E170,2010
N751UW,CRJ900,2010
N4UCAA,E190,2007
N812AW,E175,2012
N505AA,CRJ900,2007
N840AW,CRJ700,2009
N761RR,E170,2010
N329NW,E195,2012
N436AA,E195,2009
N376NW,E175,2010
N700GS,E190,2006
N4WPAA,CRJ700,2008
N564AA,E195,2006
N469AA,E190,2008
N519US,E190,2013
N540US,E190,2009
N746UW,CRJ900,2009
N424AA,737NG,2006
N4XVAA,E175,2004
N200AA,737NG,2006
N201AA,E190,2005
N4WNAA,CRJ900,2005
N349NW,E195,2007
N556NW,E170,2005
N838AW,E195,2005
N501AA,737NG,2013
N514AA,E170,2004
N4XLAA,CRJ700,2004
N7715E,CRJ700,2008
N207WN,E170,2008
N604SW,E195,2007
N613SW,E175,2013
N743SW,CRJ700,2008
N712SW,E175,2012
N558WN,CRJ700,2008
N440LV,CRJ900,2008
N736SA,CRJ700,2007
N261WN,E195,2008
N229WN,737NG,2013
N659JB,E170,2012
N3CPAA,CRJ900,2006
N3AAAA,E195,2005
N3FMAA,CRJ900,2013
N3HJAA,E170,2013
N3CXAA,E170,2007
N3KJAA,CRJ900,2009
N3JWAA,CRJ700,2009
N3FCAA,CRJ900,2013
N499AA,737NG,2010
N568AA,CRJ700,2009
N4YTAA,E190,2008
N547AA,CRJ900,2013
N4YUAA,E170,2006
N439AA,CRJ700,2008
N504AA,E195,2005
N598AA,CRJ700,2013
N494AA,E175,2010
N4YAAA,E195,2006
N550AA,737NG,2005
N7704B,E190,2011
N641SW,737NG,2008
N618WN,E195,2005
N939DL,CRJ700,2007
N919DE,CRJ700,2012
N45905,E175,2008
N28912,E175,2007
N26910,E195,2007
N26952,E175,2011
N26906,E190,2006
N27901,CRJ700,2008
N26902,E190,2010
N26909,737NG,2012
N530NK,E175,2006
N448WN,E175,2011
N904WN,E170,2012
N266WN,CRJ900,2005
N5EUAA,E175,2012
N5FJAA,CRJ900,2010
N5EYAA,737NG,2011
N5FNAA,E190,2006
N5FMAA,E190,2005
N5ETAA,CRJ900,2008
N5FEAA,E190,2005
N309US,E170,2012
N313US,E195,2013
N320US,E190,2013
N709SW,E195,2013
N319NB,E170,2008
N339NW,E195,2005
N4XCAA,E175,2004
N4XHAA,CRJ900,2012
N4XBAA,E175,2009
N4XJAA,737NG,2010
N4XKAA,E175,2011
N590AA,E195,2004
N4WKAA,E190,2013
N4WLAA,CRJ900,2012
N4UBAA,737NG,2005
N4WMAA,CRJ900,2012
N4YEAA,E190,2006
N4XTAA,CRJ700,2011
N599AA,E175,2012
N425AA,737NG,2010
N525NK,737NG,2011
N510NK,E175,2009
N569AA,CRJ900,2006
N4YNAA,E170,2009
N4YLAA,E195,2006
N4YFAA,E190,2005
N4YBAA,E190,2012
N570AA,E170,2007
N4XUAA,CRJ900,2009
N4XYAA,737NG,2007
N4XWAA,E195,2010
N374JB,E190,2010
N334JB,CRJ700,2012
N274JB,E170,2005
N203JB,CRJ900,2008
N231JB,E195,2008
N229JB,737NG,2012
N375JB,E195,2006
N294JB,737NG,2013
N279JB,CRJ700,2004
N751SW,CRJ700,2011
N324JB,CRJ700,2012
N307JB,CRJ900,2007
N281JB,CRJ700,2011
N306JB,E190,2006
N354JB,E195,2004
N206JB,CRJ900,2012
N190JB,E190,2013
N16234,E175,2009
N935FR,E175,2009
N922FR,CRJ700,2008
N108UW,CRJ900,2007
N730US,E170,2007
N733UW,E195,2006
N118US,CRJ700,2008
N955WN,E175,2012
N715UW,E195,2009
N17244,E195,2009
N741UW,CRJ900,2006
N740UW,E195,2011
N694DL,E190,2012
N385AA,E175,2010
N5FFAA,E195,2010
N5CHAA,CRJ900,2004
N640JB,CRJ900,2010
N948JB,E190,2011
N384AA,CRJ900,2005
N5EWAA,E190,2009
N5FRAA,CRJ700,2010
N824UA,CRJ900,2004
N485AA,737NG,2012
N931WN,E195,2009
N605SW,E175,2006
N565AA,CRJ700,2007
N4XGAA,737NG,2011
N483AA,737NG,2006
N4XMAA,E195,2005
N4XNAA,E190,2007
N4YDAA,CRJ700,2009
N479AA,737NG,2006
N202AA,E195,2004
N644SW,E175,2005
N637SW,CRJ900,2007
N616SW,E175,2005
N174DN,CRJ700,2012
N321US,737NG,2005
N203WN,E190,2011
N319US,E195,2007
N663DN,E190,2006
N141SY,E190,2011
N941DN,CRJ700,2013
N679DA,CRJ700,2012
N130SY,E190,2004
N948DN,E170,2005
N938DN,CRJ700,2006
N908DA,E175,2008
N110SY,CRJ700,2012
N962DN,737NG,2012
N136SY,CRJ700,2007
N910DN,737NG,2005
N909DA,CRJ700,2012
N930DN,737NG,2007
N135SY,E195,2009
N127SY,E190,2009
N954DN,E190,2011
N339NB,E195,2009
N918WN,CRJ900,2012
N744SW,E175,2011
N635DL,E190,2009
N542US,E175,2004
N344NB,E195,2007
N355NW,CRJ700,2013
N334NB,E190,2006
N913DN,E170,2006
N901DA,737NG,2010
N732US,CRJ700,2005
N724UW,737NG,2009
N922DX,E190,2007
N949DN,CRJ700,2007
N721UW,E170,2010
N943DN,737NG,2008
N942UW,E170,2004
N206UW,CRJ900,2011
N933DN,E195,2007
N936DN,E175,2006
N964DN,CRJ700,2011
N931DN,E190,2007
N924DN,E190,2012
N285AY,E170,2009
N714US,737NG,2004
N271AY,CRJ700,2005
N110UW,CRJ700,2013
N937DN,E190,2010
N914DN,E195,2005
N927DN,737NG,2011
N805UA,E190,2012
N516NK,E195,2010
N346JB,E175,2010
N505NK,E175,2004
N351JB,E195,2012
N5ELAA,E170,2007
N373JB,E195,2008
N266JB,E195,2009
N198JB,E190,2010
N5EHAA,E170,2013
N5CGAA,E175,2012
N723UW,E170,2010
N283JB,737NG,2011
N630AA,E190,2009
N228JB,E170,2011
N5EGAA,E195,2006
N969WN,E190,2010
N823UA,737NG,2006
N416WN,CRJ700,2005
N7727A,CRJ700,2005
N565WN,CRJ700,2005
N767SW,CRJ900,2004
N948FR,E170,2008
N705AS,CRJ700,2008
N797AS,CRJ700,2008
N756AS,E175,2004
N792AS,E175,2006
N786AS,CRJ700,2012
N791AS,E175,2010
N767AS,E190,2011
N626AS,CRJ900,2009
N607AS,CRJ700,2009
N788AS,E170,2005
N799AS,E195,2004
N796AS,737NG,2005
N622AS,E170,2004
N906DA,E175,2012
N939DN,E195,2013
N945DN,E190,2008
N917DN,CRJ900,2012
N960DN,E175,2005
N918DH,E195,2008
N907DA,CRJ700,2006
N905DA,CRJ900,2012
N953DN,CRJ900,2012
N955DN,CRJ700,2009
N940DN,E195,2013
N926DH,E170,2006
N788SK,E175,2005
N770SK,737NG,2010
N727SK,CRJ700,2012
N728SK,E195,2010
N712SK,E170,2008
N767SK,CRJ900,2009
N752SK,CRJ900,2012
N796SK,E175,2012
N793AS,CRJ700,2005
N612AS,E170,2011
N769AS,CRJ700,2009
N614AS,CRJ900,2009
N341NW,CRJ700,2006
N902DA,CRJ900,2010
N956DN,E170,2006
N934DN,E195,2004
N921DN,CRJ700,2009
N952DN,E195,2012
N928DN,E195,2007
N213WN,CRJ900,2011
N317NB,E175,2005
N324NB,E195,2007
N314NB,737NG,2007
N325NB,E175,2007
N323NB,E190,2006
N318NB,E190,2012
N364NB,E170,2007
N320NB,E170,2011
N360NB,E175,2005
N327NB,737NG,2013
N361NB,CRJ700,2010
N301NB,E175,2008
N358NB,E190,2010
N321NB,E170,2011
N333NB,E170,2005
N342NB,E170,2004
N352NB,CRJ700,2006
N340NB,E190,2008
N345NB,737NG,2005
N355NB,E170,2013
N337NB,E195,2004
N357NB,E190,2012
N351NB,CRJ700,2006
N343NB,CRJ700,2008
N349NB,737NG,2010
N353NB,CRJ900,2007
N257WN,CRJ900,2012
N127UW,E175,2004
N940UW,CRJ900,2004
N203UW,E175,2012
N121UW,E175,2008
N126UW,CRJ900,2013
N937UW,CRJ900,2013
N528NK,CRJ700,2013
N376SW,E195,2006
N7708E,E170,2010
N379SW,E175,2008
N118SY,CRJ700,2007
N718SK,737NG,2010
N808UA,E190,2010
N138SY,E175,2013
N128SY,E195,2010
N103SY,E190,2004
N105SY,737NG,2005
N786SK,E195,2011
N116SY,737NG,2011
N121SY,E190,2012
N113SY,E190,2005
N951DN,E190,2007
N920DN,E170,2009
N942DN,E190,2012
N923DN,E190,2004
N3HEAA,737NG,2010
N946DN,CRJ700,2012
N125SY,E190,2009
N134SY,737NG,2012
N140SY,E195,2012
N615SW,CRJ900,2013
N958UW,737NG,2011
N959UW,CRJ700,2012
N947UW,E170,2007
N944UW,CRJ700,2005
N961UW,E195,2007
N967UW,CRJ700,2009
N420WN,E175,2005
N603SW,E175,2004
N398SW,E175,2007
N389SW,E175,2010
N632SW,CRJ900,2008
N601WN,E195,2010
N396SW,CRJ900,2008
N757UW,E175,2005
N642WN,CRJ700,2011
N680DA,737NG,2005
N715SK,737NG,2005
N753SK,E175,2007
N794SK,CRJ700,2008
N789SK,737NG,2010
N764SK,737NG,2013
N768SK,E190,2008
N707SK,E195,2004
N772SK,CRJ700,2008
N762SK,CRJ900,2010
N351NW,737NG,2004
N335NB,CRJ700,2005
N369NB,737NG,2012
N329NB,E190,2010
N316NB,E190,2008
N529VA,E190,2011
N629SW,CRJ700,2006
N454WN,E170,2006
N525VA,CRJ700,2008
N640SW,CRJ900,2011
N638SW,CRJ700,2010
N527VA,E170,2012
N524VA,E175,2013
N649SW,E190,2005
N522VA,E195,2012
N530VA,E170,2005
N397SW,CRJ700,2009
N725UW,CRJ700,2011
N288AY,E170,2011
N284AY,E190,2012
N280AY,737NG,2012
N3HXAA,737NG,2009
N392SW,E175,2011
N607SW,E190,2012
N621SW,E190,2013
N612SW,CRJ700,2006
N3AXAA,CRJ900,2004
N854AA,E195,2007
N365AA,CRJ700,2006
N5EAAA,E170,2005
N356AA,CRJ900,2012
N624AW,CRJ700,2008
N625SW,CRJ700,2008
N352SW,E195,2006
N332NB,737NG,2004
N347NW,CRJ700,2012
N7740A,CRJ900,2010
N795AS,E170,2007
N778AS,E195,2007
N703AS,E175,2012
N706AS,CRJ900,2010
N768AS,737NG,2013
N546AS,CRJ900,2004
N708AS,E175,2006
N763AS,E170,2005
N615AS,737NG,2013
N765AS,E175,2007
N764AS,CRJ900,2009
N794AS,E175,2008
N713AS,CRJ900,2007
N762AS,E195,2006
N497WN,E190,2013
N648SW,CRJ900,2011
N3DAAA,E170,2012
N3AGAA,737NG,2013
N470AA,E195,2008
N597AA,737NG,2004
N455AA,737NG,2005
N475AA,E170,2010
N491AA,737NG,2010
N586AA,E195,2004
N496AA,737NG,2005
N4WJAA,CRJ700,2005
N468AA,E195,2010
N567AA,E195,2006
N561AA,E195,2009
N480AA,E195,2010
N4XDAA,E175,2004
N4XPAA,E195,2011
N466AA,CRJ900,2012
N4XRAA,E190,2012
N4XXAA,E190,2011
N434AA,CRJ700,2007
N4YRAA,737NG,2009
N4YSAA,737NG,2011
N520AA,737NG,2006
N403AA,E170,2012
N454AA,CRJ700,2008
N779SK,E175,2008
N513AA,737NG,2008
N487AA,E170,2008
N473AA,E195,2009
N780SK,E195,2008
N493AA,E170,2010
N576AA,737NG,2008
N109SY,E190,2008
N502AA,E170,2005
N467AA,E190,2012
N571AA,E170,2006
N456AA,CRJ700,2009
N798SW,737NG,2007
N471AA,E175,2005
N438AA,CRJ900,2006
N477AA,E190,2009
N574AA,E195,2012
N581AA,CRJ700,2009
N548AA,CRJ900,2013
N486AA,E175,2009
N488AA,E195,2009
N555AA,CRJ700,2010
N4YCAA,E190,2012
N575AA,E195,2012
N503AA,CRJ700,2009
N951UW,CRJ900,2006
N952UW,737NG,2007
N955UW,737NG,2010
N948UW,E170,2004
N954UW,E195,2005
N765SK,E170,2006
N724SK,E190,2007
N793SK,E175,2008
N365NB,737NG,2009
N771SK,737NG,2007
N773SK,E175,2008
N730SK,E170,2011
N732SK,E170,2004
N610WN,E170,2010
N758SK,E175,2009
N754SK,E195,2013
N719SK,E170,2011
N946DL,E195,2010
N614SW,E195,2007
N382SW,E175,2009
N774SW,E170,2013
N650SW,E190,2008
N689CA,737NG,2008
N817SK,CRJ900,2005
N679CA,E175,2006
N805SK,E170,2012
N554CA,CRJ1000,2006
N549CA,737NG,2009
N812SK,E190,2007
N162PQ,CRJ700,2009
N816SK,E170,2012
N825SK,737NG,2006
N807SK,CRJ1000,2010
N822SK,CRJ700,2011
N17122,CRJ900,2006
N675UA,737NG,2005
N670UA,E195,2012
N67134,E195,2005
N672UA,CRJ700,2005
N673UA,E170,2006
N16732,E190,2010
N17139,E195,2005
N674UA,E195,2010
N669UA,737NG,2010
N3FWAA,CRJ1000,2011
N3BAAA,E175,2005
N361SW,CRJ700,2013
N652SW,E190,2005
N380SW,E170,2011
N628SW,CRJ700,2004
N3AKAA,E175,2007
N3KRAA,CRJ700,2007
N742SK,CRJ700,2009
N755SK,E175,2005
N743SK,CRJ900,2006
N751SK,E190,2005
N701SK,737NG,2008
N709SK,E190,2005
N795SK,E195,2009
N748SK,E175,2008
N726SK,CRJ700,2013
N738SK,CRJ900,2010
N710SK,CRJ1000,2004
N665UA,CRJ900,2005
N27903,E195,2004
N13954,CRJ900,2007
N626SW,E195,2013
N939FR,E170,2004
N227AG,E170,2010
N225AG,E175,2004
N224AG,E190,2008
N218AG,E170,2009
N217AG,E190,2004
N215AG,E170,2011
N684WN,E175,2004
N484AA,E170,2012
N481AA,E170,2010
N4WTAA,CRJ700,2013
N472AA,E195,2004
N623SW,CRJ1000,2007
N128UW,E170,2008
N785SK,E190,2007
N708SK,E195,2005
N744SK,E195,2007
N746SK,E175,2005
N791SK,E170,2011
N602SW,E190,2013
N740SK,CRJ1000,2004
N778SK,E190,2005
N766SK,CRJ900,2007
N702SK,CRJ900,2006
N797SK,E175,2013
N776SK,E195,2013
N750SK,CRJ700,2009
N14143,E190,2011
N12135,CRJ1000,2008
N34111,E170,2013
N21154,CRJ1000,2012
N11191,CRJ700,2011
N14168,737NG,2005
N11193,E190,2006
N12167,E190,2004
N13124,E190,2007
N13202,E175,2007
N956UW,CRJ700,2004
N16703,E170,2011
N949UW,E195,2012
N963UW,CRJ900,2007
N945UW,E175,2005
N17185,CRJ900,2013
N490AA,CRJ700,2006
N492AA,E190,2007
N437AA,CRJ900,2008
N634SW,CRJ1000,2009
N646SW,E170,2008
N957DL,E190,2007
N957DN,CRJ700,2011
N907DE,E170,2010
N929DL,737NG,2005
N705UW,E190,2013
N124US,CRJ700,2012
N717UW,CRJ1000,2005
N109UW,CRJ1000,2013
N737US,737NG,2010
N107US,CRJ700,2012
N617NK,E195,2013
N722US,E195,2004
N946UW,737NG,2012
N712US,E170,2012
N965UW,E170,2009
N932DN,CRJ900,2009
N903DA,E175,2010
N959DN,CRJ700,2007
N929DN,CRJ700,2009
N387SW,E195,2011
N355SW,E195,2013
N705SK,E195,2007
N919WN,E190,2009
N24128,E195,2008
N344NW,E170,2006
N904DA,CRJ1000,2007
N911DA,CRJ900,2006
N359NW,CRJ700,2012
N961DN,CRJ700,2008
N784SK,CRJ700,2004
N783SK,E190,2007
N706SK,CRJ700,2008
N910DE,E190,2004
N903DE,E195,2008
N804AW,CRJ900,2012
N827AW,CRJ900,2012
N375AA,E170,2005
N5FSAA,CRJ700,2008
N5FTAA,E170,2007
N5CNAA,E195,2005
N5BTAA,E195,2004
N635SW,CRJ1000,2009
N636WN,737NG,2013
N617SW,CRJ700,2007
N385SW,737NG,2007
N011AA,CRJ700,2010
N008AA,E195,2012
N028AA,E175,2013
N021AA,CRJ700,2011
N013AA,737NG,2009
N020AA,E170,2010
N813SK,CRJ1000,2004
N809SK,CRJ700,2013
N814SK,E195,2012
N616QX,E175,2008
N806SK,E195,2007
N804SK,CRJ700,2010
N692CA,CRJ1000,2009
N693CA,CRJ700,2009
N603SK,CRJ700,2009
N810SK,E170,2006
N716SK,E190,2009
N815SK,E195,2011
N548CA,CRJ1000,2013
N824SK,E195,2004
N337JB,CRJ1000,2005
N329JB,737NG,2007
N178JB,E190,2010
N284JB,E175,2008
N348JB,CRJ1000,2009
N655WN,CRJ1000,2004
N375SW,E170,2006
N639SW,E170,2008
N364SW,E190,2010
N358SW,E170,2012
N370SW,CRJ1000,2010
N669SW,E170,2007
N611SW,E195,2005
N657SW,CRJ700,2011
N600WN,CRJ1000,2012
N756SK,CRJ1000,2009
N745SK,E175,2007
N345SA,CRJ700,2012
N368SW,CRJ1000,2012
N774SK,E195,2011
N340LV,E190,2011
N390SW,CRJ700,2010
N763SK,CRJ900,2010
N648JB,E175,2010
N265JB,737NG,2013
N258JB,E190,2004
N543MQ,CRJ900,2011
N530MQ,E170,2006
N504MQ,CRJ700,2009
N542MQ,E170,2012
N516MQ,E175,2013
N502MQ,CRJ700,2009
N517MQ,CRJ1000,2009
N0EGMQ,E190,2007
N6EAMQ,E195,2009
N535MQ,CRJ1000,2010
N509MQ,CRJ900,2005
N527MQ,E170,2013
N521MQ,E170,2009
N514MQ,737NG,2006
N531MQ,E170,2011
N352AA,737NG,2005
N386AA,E170,2007
N868AA,E170,2006
N363AA,CRJ900,2013
N390AA,CRJ1000,2005
N787SK,737NG,2011
N670SW,CRJ1000,2011
N377AA,E190,2007
N378AA,E170,2010
N4XSAA,737NG,2011
N4XEAA,CRJ900,2005
N528AA,CRJ700,2013
N566AA,E175,2012
N4XFAA,CRJ900,2006
N195PQ,CRJ700,2008
N709EV,CRJ1000,2007
N326NB,737NG,2010
N302NB,CRJ1000,2013
N753EV,CRJ700,2007
N755EV,CRJ1000,2004
N723EV,CRJ900,2010
N608QX,CRJ1000,2012
N760EV,E190,2009
N740EV,E195,2008
N722EV,E195,2007
N724EV,CRJ1000,2007
N611QX,737NG,2004
N371CA,CRJ700,2011
N338NB,CRJ700,2005
N730EV,CRJ1000,2008
N482AA,CRJ900,2007
N760SK,CRJ1000,2005
N713SK,E175,2007
N353JB,E175,2008
N328JB,E195,2005
N292JB,E170,2010
N386SW,E190,2005
N391SW,CRJ900,2012
N366SW,E175,2013
N620SW,E175,2005
N627SW,E190,2009
N394SW,E175,2013
N388SW,CRJ700,2005
N399WN,CRJ900,2012
N609SW,E190,2013
N11199,E195,2009
N12157,E175,2007
N14180,CRJ1000,2009
N14158,CRJ700,2005
N12145,E170,2009
N16183,CRJ700,2007
N915DN,E195,2012
N790SK,CRJ1000,2008
N963DN,CRJ1000,2006
N916DN,CRJ700,2008
N954FR,CRJ700,2012
N950DN,737NG,2007
N944DN,CRJ700,2013
N376AA,CRJ900,2011
N387AA,737NG,2011
N394AA,E170,2009
N373AA,CRJ1000,2007
N7BRAA,E170,2004
N371AA,E175,2013
N7AAAA,E170,2011
N368JB,E175,2005
N317JB,E170,2013
N236JB,CRJ1000,2012
N360AA,E190,2010
N238JB,E195,2006
N298JB,CRJ1000,2004
N304JB,737NG,2006
N7BYAA,737NG,2005
N357AA,CRJ1000,2011
N347AA,E195,2007
N351AA,CRJ900,2006
N170PQ,E190,2008
N161PQ,E190,2004
N802SK,E175,2004
N614SK,CRJ700,2008
N792SK,CRJ1000,2008
N970SW,E170,2012
N633SK,CRJ1000,2004
N625CA,737NG,2010
N608SK,737NG,2008
N820SK,737NG,2013
N664UA,CRJ900,2005
N677UA,E175,2009
N668UA,737NG,2011
N667UA,CRJ1000,2007
N658UA,E190,2009
N29124,E170,2004
N17126,E170,2010
N654UA,E190,2012
N666UA,E195,2009
N355JB,CRJ900,2009
N267JB,737NG,2012
N587NK,CRJ1000,2010
N309JB,E195,2009
N273JB,CRJ900,2010
N247JB,CRJ900,2004
N588NK,E190,2013
N316JB,737NG,2012
N239JB,E190,2012
N193JB,CRJ700,2010
N318JB,CRJ1000,2005
N323JB,737NG,2005
N585AA,E170,2013
N541AA,CRJ900,2006
N694SW,CRJ700,2013
N659SW,CRJ900,2008
N647SW,E170,2011
N373SW,CRJ700,2004
N656SW,E170,2004
N363SW,E195,2011
N249JB,E195,2004
N183JB,E195,2006
N296JB,E190,2009
N359SW,737NG,2010
N644AS,E190,2012
N372SW,737NG,2009
N958DN,E175,2004
N632SK,E175,2004
N609SK,CRJ700,2012
N617QX,CRJ900,2011
N631SK,737NG,2006
N556AA,737NG,2006
N426AA,CRJ900,2006
N16149,CRJ1000,2008
N11184,CRJ700,2011
N16178,CRJ1000,2013
N14162,CRJ1000,2004
N11181,E195,2010
N21129,E170,2009
N24103,E170,2007
N33182,CRJ700,2009
N11137,E175,2011
N25134,737NG,2004
N12163,E195,2009
N12172,E195,2011
N11140,E195,2013
N26141,E195,2005
N14204,E195,2012
N34110,E170,2008
N11192,CRJ700,2008
N11164,737NG,2011
N29906,CRJ700,2012
N31131,CRJ700,2006
N14116,737NG,2009
N18120,CRJ700,2009
N14148,E190,2009
N17169,CRJ900,2004
N14125,E170,2007
N14186,E190,2011
N12900,737NG,2007
N582CA,CRJ700,2007
N676CA,E195,2004
N607LR,E190,2006
N135EV,CRJ900,2013
N695CA,737NG,2010
N366NB,E170,2006
N146PQ,E170,2009
N132EV,E170,2004
N750EV,E170,2010
N748EV,CRJ1000,2007
N718EV,E195,2012
N738EV,737NG,2004
N754EV,CRJ1000,2007
N615QX,CRJ900,2007
N707EV,E170,2013
N758EV,737NG,2011
N923DL,E170,2010
N605QX,E195,2012
N9EAMQ,737NG,2006
N534MQ,E175,2005
N525MQ,E195,2011
N522MQ,CRJ1000,2004
N519MQ,E190,2007
N1EAMQ,E195,2004
N507MQ,737NG,2010
N5PBMQ,E195,2012
N505MQ,CRJ900,2004
N532MQ,CRJ900,2006
N901DE,E190,2013
N926DL,CRJ900,2009
N918DE,CRJ1000,2007
N979DL,E175,2008
N947DN,E195,2007
N914DE,E170,2011
N996DL,CRJ900,2007
N953DL,E175,2010
N965DN,CRJ1000,2012
N960DL,E175,2013
N997DL,E195,2012
N187PQ,E190,2006
N643SW,CRJ1000,2012
N651SW,E190,2007
N362SW,737NG,2007
N11176,E195,2009
N17115,737NG,2008
N18114,E175,2005
N13132,CRJ1000,2004
N13133,CRJ900,2008
N21197,CRJ700,2005
N11194,E170,2010
N12136,E175,2011
N12175,E190,2009
N11109,CRJ700,2010
N11127,E195,2013
N17159,CRJ700,2011
N930DL,E190,2013
N999DN,CRJ1000,2011
N962DL,CRJ700,2007
N958DL,E190,2011
N969DL,E195,2007
N995DL,E175,2008
N956DL,737NG,2011
N900DE,CRJ900,2010
N904DE,CRJ700,2013
N909DE,CRJ900,2004
N974DL,CRJ900,2013
N937DL,CRJ900,2013
N914DL,CRJ1000,2010
N940DL,737NG,2005
N915DE,CRJ700,2013
N552NW,737NG,2007
N606SW,737NG,2007
N614QX,CRJ900,2005
N7BMAA,CRJ900,2007
N5FLAA,E195,2008
N395AA,E170,2012
N187JB,CRJ900,2012
N389AA,CRJ900,2004
N388AA,E170,2009
N5CRAA,E195,2013
N5EVAA,CRJ1000,2009
N5EXAA,E195,2009
N382AA,E170,2011
N5FPAA,E175,2004
N366AA,737NG,2009
N003AA,737NG,2010
N358JB,CRJ1000,2013
N5FKAA,CRJ700,2012
N216JB,E170,2009
N5FGAA,E195,2009
N78509,CRJ900,2008
N219AG,E195,2006
N216AG,E195,2010
N501MQ,E190,2008
N510MQ,CRJ700,2004
N544MQ,E195,2005
N539MQ,CRJ1000,2009
N500MQ,E195,2005
N511MQ,CRJ700,2004
N537MQ,E190,2009
N528MQ,E170,2009
N513MQ,737NG,2005
N14203,CRJ700,2012
N16147,E190,2010
N21144,E175,2006
N622SW,CRJ900,2009
N719EV,E170,2008
N752EV,CRJ1000,2004
N712EV,CRJ700,2010
N391CA,E195,2004
N741EV,CRJ700,2005
N600QX,CRJ700,2006
N744EV,E170,2009
N716EV,CRJ1000,2008
N821SK,E195,2010
N761ND,E195,2011
N604SK,CRJ700,2013
N606SK,CRJ1000,2013
N631SW,CRJ1000,2005
N630SK,E175,2013
N611SK,CRJ900,2004
N613QX,E175,2009
N369SW,E190,2013
N691WN,E190,2010
N663SW,E170,2005
N685SW,E195,2013
N603AT,E190,2010
N971AT,E175,2009
N929AT,CRJ900,2012
N919AT,CRJ1000,2006
N892AT,E195,2007
N985AT,E170,2007
N920AT,E195,2010
N920DL,E170,2004
N945DL,E175,2010
N932DL,CRJ900,2008
N908DL,737NG,2012
N949DL,CRJ700,2005
N920DE,E175,2004
N961DL,CRJ900,2009
N904DL,CRJ700,2008
N987DL,E175,2009
N935DL,E175,2007
N905DE,737NG,2011
N944DL,E190,2004
N917DL,CRJ1000,2007
N908DE,E190,2009
N915DL,E195,2009
N919DL,CRJ1000,2006
N906DL,E195,2004
N938DL,CRJ1000,2011
N943DL,E195,2007
N975DL,E170,2005
N941DL,CRJ700,2013
N964DL,E195,2010
N998DL,CRJ1000,2012
N927DA,E175,2008
N912DL,E190,2010
N911DL,CRJ1000,2004
N925DL,E170,2005
N913DL,E170,2007
N989DL,E195,2013
N988DL,CRJ900,2007
N972DL,E170,2006
N924DL,CRJ700,2008
N981DL,CRJ900,2011
N980DL,CRJ700,2008
N336NB,E175,2008
N910DL,737NG,2009
N990DL,CRJ1000,2008
N922DL,E190,2011
N968DL,E190,2009
N738US,E170,2008
N713UW,E175,2009
N709UW,CRJ700,2005
N14179,E195,2009
N17146,CRJ700,2010
N23139,CRJ900,2008
N27190,E175,2005
N16170,E170,2010
N17196,CRJ900,2011
N17138,CRJ900,2013
N14974,CRJ1000,2010
N14177,CRJ900,2012
N14105,CRJ900,2009
N11187,737NG,2010
N11189,E170,2008
N12142,E195,2011
N12201,CRJ900,2011
N13161,737NG,2009
N11150,E190,2004
N197JB,E170,2007
N12195,CRJ700,2013
N14991,CRJ700,2013
N17108,CRJ1000,2007
N14174,CRJ1000,2013
N906DE,E175,2013
N947DL,CRJ700,2009
N917DE,E175,2007
N942DL,E195,2012
N928DL,E195,2007
N5FAAA,E195,2010
N950DL,CRJ1000,2012
N973DL,E195,2010
N931DL,CRJ700,2006
N948DL,E190,2004
N954DL,E190,2012
N398AA,E195,2011
N905DL,E175,2013
N933DL,E190,2013
N963DL,E175,2006
N800SK,E175,2009
N911DE,E190,2013
N17133,CRJ900,2010
N19117,CRJ700,2004
N317WN,737NG,2006
N14173,CRJ900,2006
N916DE,CRJ700,2005
N698MQ,E175,2004
N907DL,E190,2004
N986DL,737NG,2009
N622MQ,737NG,2006
N663MQ,CRJ1000,2012
N621MQ,E190,2008
N918MQ,E175,2011
N357SW,CRJ1000,2012
N367SW,CRJ700,2011
N353SW,737NG,2006
N976DL,E190,2012
N977DL,737NG,2005
N951DL,E175,2007
N936DL,CRJ700,2007
N965DL,737NG,2012
N934DL,737NG,2006
N608SW,737NG,2009
N803SK,737NG,2012
N13123,CRJ700,2007
N713EV,E175,2008
N708EV,E175,2013
N955DL,E170,2010
N365SW,737NG,2006
N153PQ,E195,2012
N720EV,E170,2010
N134EV,E170,2011
N347NB,CRJ700,2010
N606LR,E195,2013
N612QX,CRJ700,2006
N633SW,737NG,2006
N660SW,CRJ1000,2013
N952DL,CRJ700,2005
N005AA,E190,2004
N4YJAA,CRJ1000,2006
N573AA,CRJ1000,2007
N987AT,E170,2012
N989AT,E190,2009
N922AT,E170,2007
N607SK,E175,2004
N322NB,E195,2006
N978AT,E195,2009
N953AT,CRJ900,2004
N895AT,E175,2010
N7BUAA,CRJ1000,2005
N814AW,E190,2006
N354SW,737NG,2006
N14171,E170,2007
N13914,E190,2005
N12166,E195,2012
N12160,CRJ1000,2004
N14188,CRJ1000,2005
N179JB,CRJ700,2005
N665WN,E170,2009
N653SW,CRJ700,2007
N395SW,E175,2010
N371SW,CRJ700,2008
N538CA,E195,2005
N11165,737NG,2005
N200PQ,E190,2012
N27152,CRJ1000,2009
N14198,CRJ900,2013
N398CA,E195,2010
N131EV,E195,2007
N825AW,E190,2009
N915AT,737NG,2009
N925AT,E195,2011
N966AT,CRJ900,2004
N899AT,E190,2010
N967AT,CRJ1000,2013
N998AT,CRJ700,2005
N927AT,E195,2005
N921AT,E175,2006
N963AT,CRJ1000,2012
N924AT,737NG,2008
N893AT,E175,2006
N916DL,E195,2004
N993DL,CRJ1000,2012
N921DL,E175,2005
N11107,E175,2006
N902DE,737NG,2010
N958AT,CRJ700,2004
N910AT,CRJ900,2011
N938AT,CRJ700,2008
N964SW,737NG,2006
N963SW,E175,2008
N12122,E195,2012
N983CA,CRJ700,2004
N956SW,E175,2008
N926SW,CRJ700,2006
N927SW,CRJ900,2011
N291AY,737NG,2011
N702UW,E170,2010
N345AA,737NG,2009
N184JB,E195,2006
N192JB,E175,2009
N995AT,CRJ700,2006
N970AT,E175,2012
N891AT,CRJ900,2010
N954AT,E170,2009
N979AT,E170,2006
N923AT,E190,2007
N13118,E170,2007
N990AT,CRJ700,2010
N961AT,E190,2007
N985DL,CRJ900,2008
N601MQ,CRJ700,2012
N654MQ,E190,2006
N818MQ,E175,2011
N647MQ,E175,2006
N699MQ,E195,2010
N685AE,E170,2005
N925MQ,E190,2006
N681MQ,CRJ900,2013
N819MQ,E175,2013
N670MQ,CRJ700,2012
N809MQ,E190,2012
N677AE,CRJ1000,2011
N676AE,E190,2004
N674MQ,E195,2004
N646MQ,CRJ900,2005
N822MQ,CRJ900,2013
N642MQ,E175,2005
N630MQ,E195,2012
N687JS,E190,2010
N637MQ,CRJ700,2008
N635MQ,E170,2011
N634MQ,CRJ900,2006
N935MQ,CRJ1000,2009
N907MQ,CRJ900,2005
N625MQ,E170,2005
N928MQ,E170,2009
N628MQ,E175,2009
N825MQ,E175,2012
N908SW,CRJ900,2006
N932EV,CRJ700,2006
N958SW,E170,2008
N959SW,CRJ700,2009
N930SW,E175,2007
N945SW,E170,2007
N874AS,E170,2009
N973SW,E195,2012
N924SW,E190,2013
N919SW,CRJ900,2012
N979SW,E190,2007
N980SW,CRJ700,2011
N905SW,E195,2013
N479CA,CRJ900,2005
N693BR,CRJ1000,2012
N709BR,CRJ1000,2010
N103US,E175,2011
N708UW,CRJ700,2007
N704US,CRJ700,2009
N837AW,CRJ1000,2009
N808AW,E170,2006
N818AW,CRJ1000,2010
N703UW,CRJ700,2012
N916SW,CRJ700,2004
N648MQ,E190,2008
N613MQ,E190,2007
N939MQ,CRJ900,2007
N602MQ,E175,2006
N692MQ,CRJ900,2008
N691MQ,CRJ900,2008
N690MQ,E190,2012
N617MQ,CRJ1000,2010
N618MQ,E175,2008
N679MQ,CRJ900,2004
N823SK,CRJ700,2008
N697MQ,E195,2004
N838MQ,CRJ900,2008
N923MQ,CRJ700,2011
N603MQ,E170,2006
N608MQ,E175,2006
N760AS,E175,2010
N657MQ,E190,2007
N906MQ,CRJ700,2005
N16976,E175,2004
N13992,CRJ900,2011
N13997,E175,2009
N29917,E175,2004
N14562,E190,2004
N14568,E175,2007
N26549,E190,2012
N14972,CRJ1000,2004
N14573,E170,2006
N14904,CRJ700,2010
N16987,CRJ900,2006
N21537,E170,2011
N14977,E170,2009
N15555,E195,2013
N15980,E175,2009
N15986,E190,2013
N13913,E195,2007
N16546,CRJ900,2007
N13994,E170,2013
N13903,E175,2012
N11547,E195,2004
N13553,CRJ900,2007
N11536,CRJ700,2008
N977AT,CRJ1000,2004
N12564,E175,2010
N11535,E170,2010
N12563,E170,2005
N13908,E170,2013
N16559,CRJ700,2011
N10575,CRJ1000,2007
N16961,E170,2013
N16571,E170,2008
N14998,E190,2009
N17984,CRJ700,2013
N26545,E195,2011
N11544,CRJ1000,2006
N15985,E175,2012
N14993,E170,2013
N11565,E175,2012
N12967,E195,2006
N12569,E195,2006
N14570,CRJ700,2007
N14920,E195,2006
N16911,CRJ700,2008
N11551,E170,2010
N700UW,E190,2008
N604QX,CRJ900,2007
N957UW,E175,2006
N694MQ,E170,2004
N902MQ,CRJ1000,2012
N941MQ,E170,2007
N710EV,CRJ900,2012
N717EV,E175,2011
N816AW,E175,2011
N764US,CRJ900,2011
N932MQ,E195,2012
N668MQ,E175,2007
N905MQ,E175,2006
N611MQ,CRJ1000,2013
N659MQ,CRJ1000,2011
N910SW,E190,2010
N913SW,CRJ700,2005
N018AA,E195,2006
N012AA,E170,2008
N025AA,E195,2010
N002AA,E170,2005
N934SW,CRJ1000,2010
N932SW,E190,2006
N929EV,CRJ1000,2007
N962SW,CRJ700,2008
N679SA,E175,2008
N001AA,E175,2004
N472CA,CRJ700,2010
N471CA,CRJ1000,2013
N136EV,CRJ900,2005
N181PQ,E195,2009
N232PQ,E170,2006
N678CA,E175,2009
N176PQ,E175,2013
N186PQ,CRJ700,2006
N228PQ,CRJ700,2009
N525US,CRJ700,2013
N691CA,E190,2009
N3768,E175,2010
N197PQ,E170,2004
N147PQ,CRJ700,2010
N948SW,E195,2007
N137EV,CRJ900,2009
N652BR,CRJ700,2006
N984DL,E190,2010
N348NB,E175,2008
N346NB,E190,2009
N918DL,E170,2010
N716UW,E170,2008
N711UW,E170,2007
N984CA,E170,2009
N651MQ,E170,2006
N594SW,E190,2010
N688MQ,CRJ900,2013
N937SW,CRJ900,2004
N922MQ,CRJ1000,2011
N693MQ,E175,2009
N933MQ,E190,2005
N649MQ,CRJ700,2004
N915SW,E175,2007
N942MQ,E195,2006
N925SW,CRJ900,2004
N632MQ,CRJ900,2005
N830AS,E175,2009
N880AS,E195,2009
N901EV,E190,2010
N18556,E175,2008
N12567,E190,2013
N907EV,E170,2010
N16999,E190,2004
N13995,E195,2011
N16981,E195,2012
N908EV,CRJ1000,2010
N14923,E170,2009
N22909,E170,2004
N14558,E170,2011
N925DN,CRJ900,2013
N877AS,E190,2009
N959DL,E170,2011
N13566,E175,2005
N904EV,E195,2004
N13989,CRJ1000,2005
N903EV,CRJ900,2008
N993AT,CRJ700,2013
N13979,E195,2005
N503MQ,E170,2006
N682MQ,CRJ1000,2013
N508MQ,E195,2012
N515MQ,E170,2009
N624MQ,E190,2004
N524MQ,E170,2005
N619MQ,E190,2010
N615MQ,E170,2007
N631MQ,E190,2009
N636MQ,CRJ900,2008
N614MQ,E195,2011
N652MQ,CRJ1000,2012
N696MQ,E170,2013
N526MQ,CRJ1000,2006
N957AT,CRJ900,2012
N122US,E190,2011
N474AA,E195,2005
N664MQ,CRJ1000,2008
N12996,E170,2006
N12921,E190,2006
N638MQ,E190,2005
N16919,CRJ900,2007
N655MQ,CRJ700,2012
N905EV,E195,2010
N13978,E190,2004
N902EV,E195,2013
N13970,CRJ900,2010
N876AS,E170,2010
N879AS,E170,2004
N906EV,CRJ900,2006
N667GB,E170,2012
N673AE,CRJ1000,2012
N675AE,E190,2004
N680AE,E170,2007
N983SW,E175,2013
N929SW,CRJ900,2009
N930EV,E190,2005
N946SW,CRJ1000,2009
N978SW,CRJ700,2012
N912SW,E195,2013
N15983,E195,2004
N17560,E190,2007
N15574,E170,2013
N16541,CRJ1000,2006
N824AW,E170,2013
N664AW,E195,2013
N15912,CRJ900,2008
N747UW,E175,2004
N13968,E175,2012
N13988,E195,2009
N14916,E190,2011
N14542,E190,2008
N36915,E190,2008
N12924,E175,2010
N806AW,CRJ1000,2007
N943SW,E190,2005
N960SW,CRJ900,2010
N975SW,CRJ1000,2008
N976SW,CRJ700,2011
N961SW,E190,2007
N917SW,E190,2008
N495CA,CRJ700,2008
N824AS,CRJ900,2012
N912DE,CRJ700,2009
N912DN,CRJ900,2011
N919DN,E175,2005
N813NW,E195,2006
N992DL,E175,2006
N967DL,CRJ700,2006
N13538,CRJ1000,2010
N13975,E170,2007
N754UW,CRJ1000,2009
N710UW,CRJ900,2009
N909SW,CRJ1000,2012
N947SW,E175,2006
N951SW,CRJ700,2008
N923SW,E175,2010
N969SW,E170,2011
N918SW,E170,2007
N938SW,CRJ1000,2011
N507CA,CRJ1000,2008
N593ML,E195,2009
N920SW,E170,2012
N477CA,E190,2011
N506MQ,CRJ1000,2006
N3AEMQ,E190,2011
N520MQ,CRJ900,2007
N523MQ,E195,2012
N14907,E170,2008
N967SW,CRJ1000,2009
N11539,E170,2011
N14543,CRJ1000,2007
N15572,E195,2006
N603QX,E170,2008
N613SK,CRJ900,2005
N62849,CRJ1000,2013
N641CA,E190,2013
N19554,E190,2007
N18557,E190,2006
N27200,CRJ700,2009
N20904,E195,2011
N641MQ,E175,2012
N909MQ,E175,2009
N29907,E170,2011
N35953,CRJ1000,2013
N30913,E190,2008
N282AY,CRJ900,2004
N936UW,E175,2004
N286AY,E190,2004
N287AY,E195,2004
N290AY,E190,2007
N640MQ,E195,2009
N639MQ,E175,2008
N644MQ,E195,2013
N900MQ,CRJ900,2005
N656MQ,CRJ1000,2010
N971DL,CRJ900,2010
N669MQ,E190,2005
N994DL,E190,2011
N658MQ,E175,2004
N650MQ,E175,2010
N627MQ,CRJ900,2007
N966DL,CRJ1000,2010
N913DE,E170,2004
N015AA,E195,2007
N702BR,CRJ700,2010
N965SW,CRJ700,2008
N928SW,CRJ700,2011
N939SW,E190,2011
N971SW,CRJ700,2010
N986SW,CRJ900,2010
N952SW,CRJ700,2005
N16918,E195,2013
N22971,CRJ700,2012
N898SK,CRJ1000,2004
N899SK,CRJ700,2010
N897SK,E170,2012
N896SK,CRJ1000,2007
N699BR,E170,2005
N15910,E170,2012
N13969,E190,2010
N13550,E170,2013
N15973,E175,2010
N16561,E190,2006
N14905,CRJ1000,2011
N48901,CRJ900,2004
N12552,CRJ900,2011
N623MQ,E195,2007
N986AT,E190,2008
N633MQ,E190,2004
N315NB,E190,2009
N133EV,E175,2007
N600MQ,E170,2009
N305DQ,E190,2013
N937AT,E170,2009
N341NB,E190,2007
N931MQ,CRJ1000,2006
N653MQ,E190,2009
N957SW,E195,2005
N12922,CRJ700,2013
N950UW,E175,2006
N830AW,CRJ1000,2004
N765US,E190,2009
N307DQ,E190,2012
N661MQ,CRJ700,2008
N908MQ,E170,2006
N924EV,CRJ700,2013
N8AAAA,CRJ700,2010
N8ABAA,CRJ900,2006
N393AA,E190,2005
N972AT,E190,2006
N14902,CRJ1000,2009
N955AT,E190,2005
N981AT,E170,2007
N994AT,E190,2006
N959AT,CRJ1000,2012
N894AT,CRJ900,2013
N964AT,CRJ900,2012
N843MQ,E170,2013
N824MQ,E175,2012
N856MQ,CRJ1000,2012
N848MQ,CRJ900,2004
N817MQ,CRJ700,2006
N851MQ,CRJ1000,2008
N836MQ,CRJ1000,2013
N823MQ,E175,2006
N935AT,E190,2004
N166PQ,CRJ1000,2004
N671AE,E175,2010
N684JW,CRJ1000,2010
N982SW,CRJ1000,2011
N975AT,E175,2008
N934AT,CRJ1000,2004
N956AT,CRJ900,2006
N643MQ,E190,2008
N695MQ,E195,2012
N604MQ,CRJ900,2009
N686MQ,E175,2004
N855MQ,CRJ700,2005
N831MQ,CRJ700,2010
N827MQ,CRJ700,2008
N845MQ,CRJ700,2010
N518MQ,E175,2006
N12540,E190,2004
N8EGMQ,E170,2010
N607AT,E195,2011
N370NB,E170,2006
N903SW,E195,2012
N988AT,CRJ900,2009
N492SW,E195,2004
N869AS,E190,2007
N868CA,CRJ700,2007
N864AS,CRJ700,2005
N863AS,E175,2011
N465SW,E190,2007
N466SW,CRJ900,2013
N955SW,CRJ900,2008
N991AT,CRJ900,2005
N906AT,E175,2005
N968AT,E170,2005
N928AT,E170,2006
N896AT,CRJ1000,2007
N926AT,E170,2013
N969AT,E175,2012
N933AT,E195,2012
N960AT,E190,2009
N328NB,E175,2004
N826MQ,CRJ700,2013
N830MQ,CRJ900,2005
N820MQ,CRJ700,2010
N806MQ,CRJ700,2010
N833MQ,E195,2011
N847MQ,E195,2011
N016AA,E190,2010
N027AA,CRJ900,2009
N464SW,E175,2005
N862AS,CRJ700,2011
N974AT,CRJ700,2004
N662MQ,E175,2008
N683MQ,E175,2008
N866AS,E170,2012
N359NB,E175,2004
N454SW,CRJ700,2009
N675BR,E190,2012
N685BR,CRJ700,2005
N461SW,CRJ900,2008
N437SW,CRJ700,2013
N935SW,E190,2005
N8933B,CRJ700,2004
N429SW,E195,2007
N433SW,E170,2013
N443SW,CRJ1000,2007
N431SW,E195,2012
N8884E,CRJ1000,2008
N840AS,E190,2010
N8903A,CRJ700,2012
N823AS,E195,2004
N659BR,E195,2009
N867AS,E190,2004
N601XJ,E195,2011
N843AS,CRJ700,2007
N913EV,CRJ700,2007
N783CA,CRJ1000,2006
N981EV,CRJ900,2005
N858AS,CRJ900,2008
N980EV,E195,2013
N629BR,CRJ900,2006
N781CA,E195,2010
N871AS,E190,2004
N936SW,E170,2010
N447SW,E190,2010
N809CA,E195,2006
N923EV,E195,2006
N8965E,E195,2004
N463SW,E170,2008
N870AS,CRJ900,2005
N842AS,CRJ1000,2012
N849AS,CRJ1000,2009
N857AS,CRJ900,2012
N873AS,E170,2004
N855AS,E190,2011
N884AS,CRJ1000,2008
N844AS,E170,2012
N919EV,E190,2006
N841AS,CRJ700,2010
N914EV,E175,2005
N936EV,E170,2012
N8828D,CRJ900,2013
N922EV,CRJ900,2005
N645MQ,E190,2009
N941SW,E170,2011
N935UW,E195,2009
N527SW,E190,2004
N515SW,E175,2009
N525SW,E170,2008
N523SW,E190,2008
N522SW,CRJ700,2005
N514SW,CRJ900,2006
N526SW,E195,2007
N524SW,E175,2007
N309DE,E175,2007
N302DQ,E190,2013
N868AS,E175,2008
N882AS,E170,2005
N853AS,E190,2012
N979EV,CRJ1000,2012
N839AS,E190,2005
N440SW,CRJ700,2009
N821MQ,E175,2005
N416SW,E190,2009
N303DQ,CRJ900,2006
N304DQ,E170,2005
N306DQ,E175,2004
N308DE,CRJ900,2013
N301DQ,CRJ1000,2012
N609MQ,E190,2011
N660MQ,E175,2007
N368NB,E175,2012
N983AT,E175,2013
N881AS,CRJ700,2006
N8942A,CRJ900,2009
N8982A,E175,2006
N460SW,E175,2013
N917EV,E170,2007
N848AS,CRJ700,2011
N455CA,E190,2009
N442SW,E190,2006
N418SW,E170,2005
N445SW,E190,2011
N448SW,CRJ700,2006
N915EV,E175,2011
N910EV,E195,2011
N455SW,E195,2010
N453SW,CRJ900,2007
N8923A,CRJ700,2013
N432SW,E190,2005
N8968E,E175,2011
N921EV,E190,2010
N925EV,CRJ700,2007
N927EV,E195,2010
N856AS,E190,2011
N878AS,E175,2007
N779CA,CRJ1000,2006
N612MQ,CRJ900,2007
N441SW,E175,2011
N487CA,CRJ700,2010
N446SW,E170,2008
N430SW,CRJ700,2005
N8932C,CRJ1000,2006
N457SW,E175,2006
N912EV,CRJ700,2007
N449SW,E195,2006
N701BR,E195,2012
N821AS,CRJ900,2012
N885AS,CRJ900,2005
N506CA,CRJ900,2010
N906SW,E195,2013
N496CA,E175,2005
N875AS,E170,2006
N907SW,CRJ1000,2008
N452SW,CRJ700,2005
N953SW,E195,2009
N623DL,E190,2007
N172DZ,E175,2009
N546MQ,E170,2008
N937EV,E195,2012
N859AS,E170,2009
N860AS,CRJ900,2008
N933EV,CRJ900,2005
N916EV,CRJ1000,2011
N847AS,CRJ900,2011
N931EV,CRJ1000,2011
N920EV,CRJ1000,2009
N872AS,E195,2004
N494CA,CRJ900,2004
N928EV,E175,2009
N498CA,CRJ900,2004
N423SW,CRJ700,2007
N435SW,E195,2012
N427SW,CRJ900,2010
N851AS,CRJ900,2007
N861AS,E190,2010
N311US,CRJ1000,2006
N602XJ,CRJ900,2006
N459SW,CRJ900,2006
N988CA,E170,2011
N439SW,E195,2010
N426SW,E175,2007
N14117,CRJ700,2004
N850AS,CRJ1000,2010
N838AS,E170,2005
N900EV,CRJ1000,2006
N854AS,E195,2004
N883AS,CRJ1000,2010
N852AS,E195,2013
N520SW,CRJ700,2007
N511SW,CRJ1000,2007
N620MQ,CRJ900,2012
N665MQ,E195,2004
N815MQ,E190,2008
N813MQ,CRJ1000,2006
N954SW,CRJ1000,2012
N16525,E170,2009
N17524,CRJ900,2012
N15527,E175,2011
N12528,E190,2013
N28529,E175,2005
N12530,E195,2009
N889AS,E170,2013
N468CA,E195,2008
N944SW,E175,2005
N886AS,E190,2004
N11526,CRJ1000,2006
N846AS,CRJ700,2010
N11548,E170,2005
N276AY,CRJ900,2012
N283AY,E170,2006
N278AY,E175,2011
N279AY,CRJ1000,2009
N528SW,E195,2013
N273AY,CRJ900,2013
N277AY,E195,2013
N272AY,CRJ900,2007
N275AY,E175,2010
N293AY,CRJ1000,2011
N171DZ,E175,2004
N182DN,E195,2008
N176DZ,CRJ900,2008
N759EV,E195,2013
N421UA,E170,2013
N27908,CRJ700,2013
N853MQ,CRJ1000,2007
N512MQ,CRJ1000,2005
N909EV,E170,2013
N563SW,E175,2005
N291SW,E175,2013
N295SW,CRJ1000,2013
N582SW,E175,2013
N569SW,CRJ900,2008
N310DE,CRJ1000,2006
N492HA,E175,2013
N486HA,CRJ1000,2009
N488HA,CRJ900,2013
N480HA,E175,2013
N491HA,CRJ1000,2011
N481HA,E170,2006
N484HA,CRJ1000,2009
N485HA,CRJ1000,2009
N490HA,E170,2011
N487HA,CRJ900,2006
N478HA,E175,2007
N475HA,CRJ900,2011
N479HA,E175,2010
N477HA,E175,2012
N476HA,E170,2011
N576SW,CRJ900,2005
N221SW,CRJ1000,2012
N567SW,CRJ900,2006
N237SW,CRJ900,2012
N568SW,CRJ1000,2008
